seqname,tax_id
A10,s__A10
A10a,s__A10a
A10b,s__A10b
A11,s__A11
A11a,s__A11a
A12,s__A12
A1.2/A1kv,s__A1.2/A1kv
A13,s__A13
A13a,s__A13a
A13b,s__A13b
A13c,s__A13c
A13e,s__A13e
A13f,s__A13f
A13g,s__A13g
A13i,s__A13i
A13j,s__A13j
A14,s__A14
A15,s__A15
A15a,s__A15a
A15c,s__A15c
A16a,s__A16a
A16ab,s__A16ab
A16ac,s__A16ac
A16ad,s__A16ad
A16ae,s__A16ae
A16af,s__A16af
A16ag,s__A16ag
A16ah,s__A16ah
A16ai,s__A16ai
A16aj,s__A16aj
A16ak,s__A16ak
A16al,s__A16al
A16am,s__A16am
A16an,s__A16an
A16ao,s__A16ao
A16ap,s__A16ap
A16aq,s__A16aq
A16ar,s__A16ar
A16au,s__A16au
A16av,s__A16av
A16aw,s__A16aw
A16ax,s__A16ax
A16az,s__A16az
A16ba,s__A16ba
A16bb,s__A16bb
A16bc,s__A16bc
A16bd,s__A16bd
A16c,s__A16c
A16d,s__A16d
A16e,s__A16e
A16f,s__A16f
A16g,s__A16g
A16h,s__A16h
A16i,s__A16i
A16j,s__A16j
A16k,s__A16k
A16l,s__A16l
A16m,s__A16m
A16n,s__A16n
A16o,s__A16o
A16p,s__A16p
A16q,s__A16q
A16s,s__A16s
A16t,s__A16t
A16u,s__A16u
A16v,s__A16v
A16w,s__A16w
A16y,s__A16y
A16z,s__A16z
A1a,s__A1a
A1aa,s__A1aa
A1ad,s__A1ad
A1ae,s__A1ae
A1af,s__A1af
A1ag,s__A1ag
A1aj,s__A1aj
A1ak,s__A1ak
A1al,s__A1al
A1an,s__A1an
A1ao,s__A1ao
A1ap,s__A1ap
A1aq,s__A1aq
A1ar,s__A1ar
A1as,s__A1as
A1at,s__A1at
A1au,s__A1au
A1av,s__A1av
A1ax,s__A1ax
A1az,s__A1az
A1b,s__A1b
A1bb,s__A1bb
A1bc,s__A1bc
A1bd,s__A1bd
A1be,s__A1be
A1bf,s__A1bf
A1bg,s__A1bg
A1bi,s__A1bi
A1bj,s__A1bj
A1bk,s__A1bk
A1bl,s__A1bl
A1bm,s__A1bm
A1bn,s__A1bn
A1bo,s__A1bo
A1bp,s__A1bp
A1bq,s__A1bq
A1br,s__A1br
A1bs,s__A1bs
A1bt,s__A1bt
A1bu,s__A1bu
A1bv,s__A1bv
A1bw,s__A1bw
A1bx,s__A1bx
A1by,s__A1by
A1bz,s__A1bz
A1ca,s__A1ca
A1cc,s__A1cc
A1cd,s__A1cd
A1cf,s__A1cf
A1ci,s__A1ci
A1ck,s__A1ck
A1cm,s__A1cm
A1cp,s__A1cp
A1cq,s__A1cq
A1cr,s__A1cr
A1ct,s__A1ct
A1cu,s__A1cu
A1cv,s__A1cv
A1cw,s__A1cw
A1cy,s__A1cy
A1d,s__A1d
A1db,s__A1db
A1dc,s__A1dc
A1dd,s__A1dd
A1de,s__A1de
A1dh,s__A1dh
A1di,s__A1di
A1dj,s__A1dj
A1dk,s__A1dk
A1dn,s__A1dn
A1do,s__A1do
A1dp,s__A1dp
A1dq,s__A1dq
A1du,s__A1du
A1dv,s__A1dv
A1dw,s__A1dw
A1dy,s__A1dy
A1dz,s__A1dz
A1e,s__A1e
A1ea,s__A1ea
A1eb,s__A1eb
A1ec,s__A1ec
A1ed,s__A1ed
A1ee,s__A1ee
A1ef,s__A1ef
A1eg,s__A1eg
A1ei,s__A1ei
A1ej,s__A1ej
A1em,s__A1em
A1eo,s__A1eo
A1ep,s__A1ep
A1eq,s__A1eq
A1es,s__A1es
A1et,s__A1et
A1eu,s__A1eu
A1ev,s__A1ev
A1ew,s__A1ew
A1ey,s__A1ey
A1f,s__A1f
A1fa,s__A1fa
A1fb,s__A1fb
A1fc,s__A1fc
A1fd,s__A1fd
A1fe,s__A1fe
A1ff,s__A1ff
A1fg,s__A1fg
A1fh,s__A1fh
A1fi,s__A1fi
A1fj,s__A1fj
A1fk,s__A1fk
A1fm,s__A1fm
A1fn,s__A1fn
A1fo,s__A1fo
A1fp,s__A1fp
A1fq,s__A1fq
A1fr,s__A1fr
A1fs,s__A1fs
A1ft,s__A1ft
A1fu,s__A1fu
A1fw,s__A1fw
A1fx,s__A1fx
A1fy,s__A1fy
A1fz,s__A1fz
A1g,s__A1g
A1ga,s__A1ga
A1gb,s__A1gb
A1gc,s__A1gc
A1gd,s__A1gd
A1gf,s__A1gf
A1gg,s__A1gg
A1gh,s__A1gh
A1gk,s__A1gk
A1gl,s__A1gl
A1gm,s__A1gm
A1gn,s__A1gn
A1go,s__A1go
A1gp,s__A1gp
A1gq,s__A1gq
A1gs,s__A1gs
A1gt,s__A1gt
A1gu,s__A1gu
A1gw,s__A1gw
A1gx,s__A1gx
A1gy,s__A1gy
A1gz,s__A1gz
A1h,s__A1h
A1ha,s__A1ha
A1hb,s__A1hb
A1hc,s__A1hc
A1hd,s__A1hd
A1he,s__A1he
A1hf,s__A1hf
A1hg,s__A1hg
A1hh,s__A1hh
A1hi,s__A1hi
A1hj,s__A1hj
A1hk,s__A1hk
A1hm,s__A1hm
A1hn,s__A1hn
A1ho,s__A1ho
A1hp,s__A1hp
A1hq,s__A1hq
A1hr,s__A1hr
A1hs,s__A1hs
A1ht,s__A1ht
A1hu,s__A1hu
A1hv,s__A1hv
A1hw,s__A1hw
A1hy,s__A1hy
A1i,s__A1i
A1ia,s__A1ia
A1ib,s__A1ib
A1id,s__A1id
A1ie,s__A1ie
A1if,s__A1if
A1ig,s__A1ig
A1ih,s__A1ih
A1ii,s__A1ii
A1ij,s__A1ij
A1il,s__A1il
A1im,s__A1im
A1ip,s__A1ip
A1iq,s__A1iq
A1ir,s__A1ir
A1is,s__A1is
A1it,s__A1it
A1iu,s__A1iu
A1iv,s__A1iv
A1iw,s__A1iw
A1ix,s__A1ix
A1ja,s__A1ja
A1jb,s__A1jb
A1jc,s__A1jc
A1jd,s__A1jd
A1je,s__A1je
A1jg,s__A1jg
A1jh,s__A1jh
A1ji,s__A1ji
A1jj,s__A1jj
A1jk,s__A1jk
A1jl,s__A1jl
A1jm,s__A1jm
A1jn,s__A1jn
A1jo,s__A1jo
A1jp,s__A1jp
A1jq,s__A1jq
A1jr,s__A1jr
A1js,s__A1js
A1jt,s__A1jt
A1ju,s__A1ju
A1jv,s__A1jv
A1jw,s__A1jw
A1jx,s__A1jx
A1jy,s__A1jy
A1jz,s__A1jz
A1k,s__A1k
A1ka,s__A1ka
A1kb,s__A1kb
A1kc,s__A1kc
A1kd,s__A1kd
A1ke,s__A1ke
A1kg,s__A1kg
A1kh,s__A1kh
A1ki,s__A1ki
A1kj,s__A1kj
A1kk,s__A1kk
A1km,s__A1km
A1kn,s__A1kn
A1ko,s__A1ko
A1kp,s__A1kp
A1kq,s__A1kq
A1ks,s__A1ks
A1kt,s__A1kt
A1ku,s__A1ku
A1kw,s__A1kw
A1kx,s__A1kx
A1ky,s__A1ky
A1l,s__A1l
A1la,s__A1la
A1ld,s__A1ld
A1le,s__A1le
A1lg,s__A1lg
A1lh,s__A1lh
A1li,s__A1li
A1ll,s__A1ll
A1lm,s__A1lm
A1ln,s__A1ln
A1lp,s__A1lp
A1lq,s__A1lq
A1lr,s__A1lr
A1ls,s__A1ls
A1lt,s__A1lt
A1lu,s__A1lu
A1lv,s__A1lv
A1lw,s__A1lw
A1ly,s__A1ly
A1lz,s__A1lz
A1m,s__A1m
A1ma,s__A1ma
A1mb,s__A1mb
A1mc,s__A1mc
A1md,s__A1md
A1me,s__A1me
A1mf,s__A1mf
A1mg,s__A1mg
A1mh,s__A1mh
A1mi,s__A1mi
A1mj,s__A1mj
A1mk,s__A1mk
A1ml,s__A1ml
A1mm,s__A1mm
A1mn,s__A1mn
A1mp,s__A1mp
A1mq,s__A1mq
A1mr,s__A1mr
A1ms,s__A1ms
A1mt,s__A1mt
A1mu,s__A1mu
A1mv,s__A1mv
A1mw,s__A1mw
A1mx,s__A1mx
A1my,s__A1my
A1mz,s__A1mz
A1na,s__A1na
A1nb,s__A1nb
A1nc,s__A1nc
A1nd,s__A1nd
A1ne,s__A1ne
A1nf,s__A1nf
A1ng,s__A1ng
A1nh,s__A1nh
A1nj,s__A1nj
A1nk,s__A1nk
A1nl,s__A1nl
A1nm,s__A1nm
A1nn,s__A1nn
A1no,s__A1no
A1np,s__A1np
A1nq,s__A1nq
A1nr,s__A1nr
A1nt,s__A1nt
A1nu,s__A1nu
A1nv,s__A1nv
A1nw,s__A1nw
A1nx,s__A1nx
A1ny,s__A1ny
A1o,s__A1o
A1q,s__A1q
A1r,s__A1r
A1t,s__A1t
A1u,s__A1u
A1v,s__A1v
A1w,s__A1w
A1x,s__A1x
A1y,s__A1y
A1z,s__A1z
A2,s__A2
A2a,s__A2a
A2aa,s__A2aa
A2ab,s__A2ab
A2ac,s__A2ac
A2ad,s__A2ad
A2ae,s__A2ae
A2af,s__A2af
A2c,s__A2c
A2d,s__A2d
A2f,s__A2f
A2i,s__A2i
A2k,s__A2k
A2l,s__A2l
A2m,s__A2m
A2n,s__A2n
A2q,s__A2q
A2r,s__A2r
A2s,s__A2s
A2t,s__A2t
A2u,s__A2u
A2v,s__A2v
A2w,s__A2w
A2x,s__A2x
A2y,s__A2y
A2z,s__A2z
A3a,s__A3a
A3aa,s__A3aa
A3ab,s__A3ab
A3ac,s__A3ac
A3ad,s__A3ad
A3ae,s__A3ae
A3af,s__A3af
A3ag,s__A3ag
A3ah,s__A3ah
A3ai,s__A3ai
A3aj,s__A3aj
A3ak,s__A3ak
A3al,s__A3al
A3am,s__A3am
A3an,s__A3an
A3ao,s__A3ao
A3ap,s__A3ap
A3aq,s__A3aq
A3ar,s__A3ar
A3as,s__A3as
A3at,s__A3at
A3au,s__A3au
A3av,s__A3av
A3aw,s__A3aw
A3ax,s__A3ax
A3ay,s__A3ay
A3az,s__A3az
A3bb,s__A3bb
A3bc,s__A3bc
A3bd,s__A3bd
A3be,s__A3be
A3bf,s__A3bf
A3bg,s__A3bg
A3bh,s__A3bh
A3bk,s__A3bk
A3bm,s__A3bm
A3bn,s__A3bn
A3bo,s__A3bo
A3bp,s__A3bp
A3bq,s__A3bq
A3br,s__A3br
A3bs,s__A3bs
A3bt,s__A3bt
A3bu,s__A3bu
A3bv,s__A3bv
A3bx,s__A3bx
A3by,s__A3by
A3bz,s__A3bz
A3c,s__A3c
A3ca,s__A3ca
A3cb,s__A3cb
A3cc,s__A3cc
A3cd,s__A3cd
A3ce,s__A3ce
A3cf,s__A3cf
A3cg,s__A3cg
A3ch,s__A3ch
A3ci,s__A3ci
A3cj,s__A3cj
A3ck,s__A3ck
A3cl,s__A3cl
A3cm,s__A3cm
A3cn,s__A3cn
A3co,s__A3co
A3cp,s__A3cp
A3cq,s__A3cq
A3cr,s__A3cr
A3cs,s__A3cs
A3ct,s__A3ct
A3cx,s__A3cx
A3cz,s__A3cz
A3d,s__A3d
A3db,s__A3db
A3dc,s__A3dc
A3dd,s__A3dd
A3de,s__A3de
A3df,s__A3df
A3dg,s__A3dg
A3dh,s__A3dh
A3di,s__A3di
A3dj,s__A3dj
A3dk,s__A3dk
A3dl,s__A3dl
A3dm,s__A3dm
A3dn,s__A3dn
A3do,s__A3do
A3dp,s__A3dp
A3dq,s__A3dq
A3dr,s__A3dr
A3ds,s__A3ds
A3dt,s__A3dt
A3du,s__A3du
A3dv,s__A3dv
A3dw,s__A3dw
A3dx,s__A3dx
A3dy,s__A3dy
A3e,s__A3e
A3f,s__A3f
A3h,s__A3h
A3i,s__A3i
A3j,s__A3j
A3k,s__A3k
A3l,s__A3l
A3m,s__A3m
A3o,s__A3o
A3p,s__A3p
A3q,s__A3q
A3r,s__A3r
A3s,s__A3s
A3t,s__A3t
A3u,s__A3u
A3v,s__A3v
A3w,s__A3w
A3y,s__A3y
A3z,s__A3z
A4.1,s__A4.1
A4.2,s__A4.2
A4a,s__A4a
A4aa,s__A4aa
A4ab,s__A4ab
A4ad,s__A4ad
A4ae,s__A4ae
A4af,s__A4af
A4ag,s__A4ag
A4ah,s__A4ah
A4ai,s__A4ai
A4aj,s__A4aj
A4ak,s__A4ak
A4an,s__A4an
A4ao,s__A4ao
A4ap,s__A4ap
A4aq,s__A4aq
A4ar,s__A4ar
A4as,s__A4as
A4at,s__A4at
A4au,s__A4au
A4av,s__A4av
A4aw,s__A4aw
A4ax,s__A4ax
A4ay,s__A4ay
A4az,s__A4az
A4b,s__A4b
A4ba,s__A4ba
A4bb,s__A4bb
A4bc,s__A4bc
A4bd,s__A4bd
A4bh,s__A4bh
A4bi,s__A4bi
A4bj,s__A4bj
A4bk,s__A4bk
A4bl,s__A4bl
A4bm,s__A4bm
A4bo,s__A4bo
A4bp,s__A4bp
A4bq,s__A4bq
A4br,s__A4br
A4bs,s__A4bs
A4bt,s__A4bt
A4bu,s__A4bu
A4bv,s__A4bv
A4bw,s__A4bw
A4bx,s__A4bx
A4by,s__A4by
A4bz,s__A4bz
A4c,s__A4c
A4ca,s__A4ca
A4cd,s__A4cd
A4ce,s__A4ce
A4cf,s__A4cf
A4cg,s__A4cg
A4ci,s__A4ci
A4cj,s__A4cj
A4ck,s__A4ck
A4cl,s__A4cl
A4cm,s__A4cm
A4cn,s__A4cn
A4co,s__A4co
A4cq,s__A4cq
A4cr,s__A4cr
A4cs,s__A4cs
A4ct,s__A4ct
A4cu,s__A4cu
A4cv,s__A4cv
A4cx,s__A4cx
A4cy,s__A4cy
A4cz,s__A4cz
A4d,s__A4d
A4da,s__A4da
A4db,s__A4db
A4dc,s__A4dc
A4dd,s__A4dd
A4df,s__A4df
A4dg,s__A4dg
A4dh,s__A4dh
A4di,s__A4di
A4dj,s__A4dj
A4dk,s__A4dk
A4dl,s__A4dl
A4dm,s__A4dm
A4dn,s__A4dn
A4do,s__A4do
A4dp,s__A4dp
A4dq,s__A4dq
A4e,s__A4e
A4f,s__A4f
A4g,s__A4g
A4h,s__A4h
A4i,s__A4i
A4l,s__A4l
A4m,s__A4m
A4n,s__A4n
A4o,s__A4o
A4p,s__A4p
A4q,s__A4q
A4r,s__A4r
A4s,s__A4s
A4t,s__A4t
A4v,s__A4v
A4w,s__A4w
A4x,s__A4x
A4y,s__A4y
A4z,s__A4z
A5a,s__A5a
A5aa,s__A5aa
A5ab,s__A5ab
A5ac,s__A5ac
A5ad,s__A5ad
A5ae,s__A5ae
A5ag,s__A5ag
A5ah,s__A5ah
A5ai,s__A5ai
A5aj,s__A5aj
A5b,s__A5b
A5d/A5,s__A5d/A5
A5e,s__A5e
A5f,s__A5f
A5g,s__A5g
A5h,s__A5h
A5i,s__A5i
A5j,s__A5j
A5k,s__A5k
A5l,s__A5l
A5m,s__A5m
A5o,s__A5o
A5p,s__A5p
A5q,s__A5q
A5r,s__A5r
A5s,s__A5s
A5t,s__A5t
A5u,s__A5u
A5w,s__A5w
A5x,s__A5x
A5y,s__A5y
A5z,s__A5z
A6a,s__A6a
A6/A6b,s__A6/A6b
A6e,s__A6e
A6f,s__A6f
A6g,s__A6g
A6h,s__A6h
A6i,s__A6i
A6j,s__A6j
A6l,s__A6l
A6m,s__A6m
A6o,s__A6o
A7a,s__A7a
A7aa,s__A7aa
A7ab,s__A7ab
A7ac,s__A7ac
A7ad,s__A7ad
A7ae,s__A7ae
A7af,s__A7af
A7ag,s__A7ag
A7ai,s__A7ai
A7aj,s__A7aj
A7ak,s__A7ak
A7al,s__A7al
A7am,s__A7am
A7an,s__A7an
A7ao,s__A7ao
A7aq,s__A7aq
A7ar,s__A7ar
A7as,s__A7as
A7at,s__A7at
A7au,s__A7au
A7av,s__A7av
A7ay,s__A7ay
A7az,s__A7az
A7ba,s__A7ba
A7bb,s__A7bb
A7bc,s__A7bc
A7bd,s__A7bd
A7be,s__A7be
A7bh,s__A7bh
A7bi,s__A7bi
A7bj,s__A7bj
A7bm,s__A7bm
A7bn,s__A7bn
A7bo,s__A7bo
A7bp,s__A7bp
A7bq,s__A7bq
A7br,s__A7br
A7bs,s__A7bs
A7bt,s__A7bt
A7bu,s__A7bu
A7bv,s__A7bv
A7bw,s__A7bw
A7bx,s__A7bx
A7by,s__A7by
A7bz,s__A7bz
A7c,s__A7c
A7ca,s__A7ca
A7cb,s__A7cb
A7cc,s__A7cc
A7ce,s__A7ce
A7cf,s__A7cf
A7cg,s__A7cg
A7ch,s__A7ch
A7ci,s__A7ci
A7cj,s__A7cj
A7ck,s__A7ck
A7cl,s__A7cl
A7cm,s__A7cm
A7cn,s__A7cn
A7co,s__A7co
A7cp,s__A7cp
A7cq,s__A7cq
A7cr,s__A7cr
A7cs,s__A7cs
A7ct,s__A7ct
A7cv,s__A7cv
A7cw,s__A7cw
A7cy,s__A7cy
A7cz,s__A7cz
A7d,s__A7d
A7da,s__A7da
A7db,s__A7db
A7dc,s__A7dc
A7dd,s__A7dd
A7df,s__A7df
A7dg,s__A7dg
A7dh,s__A7dh
A7di,s__A7di
A7dj,s__A7dj
A7dk,s__A7dk
A7dl,s__A7dl
A7dm,s__A7dm
A7do,s__A7do
A7dp,s__A7dp
A7dq,s__A7dq
A7dr,s__A7dr
A7ds,s__A7ds
A7dt,s__A7dt
A7du,s__A7du
A7dv,s__A7dv
A7dw,s__A7dw
A7dx,s__A7dx
A7dy,s__A7dy
A7e,s__A7e
A7f,s__A7f
A7g,s__A7g
A7h,s__A7h
A7i,s__A7i
A7j,s__A7j
A7k,s__A7k
A7l,s__A7l
A7m,s__A7m
A7n,s__A7n
A7o,s__A7o
A7q,s__A7q
A7r,s__A7r
A7t,s__A7t
A7v,s__A7v
A7w,s__A7w
A7y,s__A7y
A7z,s__A7z
A8,s__A8
A8a,s__A8a
A8b,s__A8b
A8c,s__A8c
A8d,s__A8d
A8e,s__A8e
A8f,s__A8f
A8g,s__A8g
A8h,s__A8h
A8j,s__A8j
A8k,s__A8k
A8l,s__A8l
A8n,s__A8n
A8o,s__A8o
A8p,s__A8p
A8r,s__A8r
A8s,s__A8s
A8t,s__A8t
A8u,s__A8u
A8v,s__A8v
A8w,s__A8w
A8x,s__A8x
A8y,s__A8y
A8z,s__A8z
A9,s__A9
A9a,s__A9a
A9b,s__A9b
A9c,s__A9c
A9e,s__A9e
B10,s__B10
B11,s__B11
B13,s__B13
B14,s__B14
B14a,s__B14a
B14c,s__B14c
B14e,s__B14e
B14f,s__B14f
B14g,s__B14g
B14h,s__B14h
B14i,s__B14i
B14j,s__B14j
B14k,s__B14k
B15,s__B15
B17,s__B17
B18,s__B18
B18a,s__B18a
B18b,s__B18b
B18d,s__B18d
B18e,s__B18e
B18f,s__B18f
B18h,s__B18h
B18i,s__B18i
B18j,s__B18j
B18k,s__B18k
B18l,s__B18l
B18n,s__B18n
B18o,s__B18o
B18p,s__B18p
B18q,s__B18q
B18r,s__B18r
B19aa,s__B19aa
B19ab,s__B19ab
B19ac,s__B19ac
B19ad,s__B19ad
B19ae,s__B19ae
B19af,s__B19af
B19ag,s__B19ag
B19ah,s__B19ah
B19ai,s__B19ai
B19aj,s__B19aj
B19ak,s__B19ak
B19al,s__B19al
B19am,s__B19am
B19an,s__B19an
B19ao,s__B19ao
B19ar,s__B19ar
B19as,s__B19as
B19at,s__B19at
B19au,s__B19au
B19b,s__B19b
B19c,s__B19c
B19d,s__B19d
B19e,s__B19e
B19f,s__B19f
B19g,s__B19g
B19h,s__B19h
B19i,s__B19i
B19j,s__B19j
B19l,s__B19l
B19n,s__B19n
B19o,s__B19o
B19p,s__B19p
B19q,s__B19q
B19s,s__B19s
B19t,s__B19t
B19v,s__B19v
B19w,s__B19w
B19x,s__B19x
B19z,s__B19z
B1aa,s__B1aa
B1ab,s__B1ab
B1ac,s__B1ac
B1ad,s__B1ad
B1ae,s__B1ae
B1af,s__B1af
B1ag,s__B1ag
B1ah,s__B1ah
B1ai,s__B1ai
B1aj,s__B1aj
B1am,s__B1am
B1an,s__B1an
B1aq,s__B1aq
B1at,s__B1at
B1av,s__B1av
B1aw,s__B1aw
B1az,s__B1az
B1ba,s__B1ba
B1bb,s__B1bb
B1bd,s__B1bd
B1be,s__B1be
B1bf,s__B1bf
B1bg,s__B1bg
B1bh,s__B1bh
B1bj,s__B1bj
B1bk,s__B1bk
B1bl,s__B1bl
B1bm,s__B1bm
B1bn,s__B1bn
B1bp,s__B1bp
B1bq,s__B1bq
B1br,s__B1br
B1bs,s__B1bs
B1bt,s__B1bt
B1bv,s__B1bv
B1bw,s__B1bw
B1bx,s__B1bx
B1by,s__B1by
B1bz,s__B1bz
B1c,s__B1c
B1cb,s__B1cb
B1cd,s__B1cd
B1ce,s__B1ce
B1ch,s__B1ch
B1ci,s__B1ci
B1cj,s__B1cj
B1ck,s__B1ck
B1cl,s__B1cl
B1cm,s__B1cm
B1cn,s__B1cn
B1cp,s__B1cp
B1cq,s__B1cq
B1cr,s__B1cr
B1cs,s__B1cs
B1ct,s__B1ct
B1cu,s__B1cu
B1cv,s__B1cv
B1cw,s__B1cw
B1cy,s__B1cy
B1d,s__B1d
B1da,s__B1da
B1db,s__B1db
B1dc,s__B1dc
B1dd,s__B1dd
B1de,s__B1de
B1df,s__B1df
B1dg,s__B1dg
B1dj,s__B1dj
B1dk,s__B1dk
B1dl,s__B1dl
B1dm,s__B1dm
B1dn,s__B1dn
B1dq,s__B1dq
B1dr,s__B1dr
B1ds,s__B1ds
B1dt,s__B1dt
B1du,s__B1du
B1dv,s__B1dv
B1dw,s__B1dw
B1dx,s__B1dx
B1dy,s__B1dy
B1dz,s__B1dz
B1e,s__B1e
B1ea,s__B1ea
B1eb,s__B1eb
B1ec,s__B1ec
B1ed,s__B1ed
B1ef,s__B1ef
B1eg,s__B1eg
B1eh,s__B1eh
B1ej,s__B1ej
B1ek,s__B1ek
B1el,s__B1el
B1em,s__B1em
B1en,s__B1en
B1eo,s__B1eo
B1eq,s__B1eq
B1et,s__B1et
B1eu,s__B1eu
B1ev,s__B1ev
B1ew,s__B1ew
B1ez,s__B1ez
B1f,s__B1f
B1fa,s__B1fa
B1fb,s__B1fb
B1fc,s__B1fc
B1fd,s__B1fd
B1fe,s__B1fe
B1fg,s__B1fg
B1fh,s__B1fh
B1fj,s__B1fj
B1fk,s__B1fk
B1fl,s__B1fl
B1fm,s__B1fm
B1fn,s__B1fn
B1fo,s__B1fo
B1fp,s__B1fp
B1g,s__B1g
B1h,s__B1h
B1i,s__B1i
B1j,s__B1j
B1l,s__B1l
B1m,s__B1m
B1n,s__B1n
B1o,s__B1o
B1p,s__B1p
B1q,s__B1q
B1r,s__B1r
B1s,s__B1s
B1u,s__B1u
B1v,s__B1v
B1w,s__B1w
B20,s__B20
B20a,s__B20a
B21,s__B21
B23,s__B23
B2a,s__B2a
B2aa,s__B2aa
B2ab,s__B2ab
B2ac,s__B2ac
B2ad,s__B2ad
B2af,s__B2af
B2ag,s__B2ag
B2ai,s__B2ai
B2am,s__B2am
B2c,s__B2c
B2d,s__B2d
B2e,s__B2e
B2f,s__B2f
B2g,s__B2g
B2h,s__B2h
B2i,s__B2i
B2j,s__B2j
B2k,s__B2k
B2l,s__B2l
B2m,s__B2m
B2n,s__B2n
B2o,s__B2o
B2p,s__B2p
B2q,s__B2q
B2r,s__B2r
B2s,s__B2s
B2t,s__B2t
B2u,s__B2u
B2v,s__B2v
B2w,s__B2w
B2x,s__B2x
B2y,s__B2y
B2z,s__B2z
B3,s__B3
B30,s__B30
B31a,s__B31a
B31b,s__B31b
B32,s__B32
B33,s__B33
B36,s__B36
B37,s__B37
B4,s__B4
B40,s__B40
B40a,s__B40a
B5aa,s__B5aa
B5ab,s__B5ab
B5ac,s__B5ac
B5ae,s__B5ae
B5ag,s__B5ag
B5ah,s__B5ah
B5ai,s__B5ai
B5aj,s__B5aj
B5ak,s__B5ak
B5am,s__B5am
B5an,s__B5an
B5ao,s__B5ao
B5ap,s__B5ap
B5aq,s__B5aq
B5ar,s__B5ar
B5as,s__B5as
B5at,s__B5at
B5au,s__B5au
B5av,s__B5av
B5aw,s__B5aw
B5ax,s__B5ax
B5ay,s__B5ay
B5az,s__B5az
B5b,s__B5b
B5ba,s__B5ba
B5bc,s__B5bc
B5bd,s__B5bd
B5bf,s__B5bf
B5bg,s__B5bg
B5bh,s__B5bh
B5bk,s__B5bk
B5bl,s__B5bl
B5bm,s__B5bm
B5bo,s__B5bo
B5bp,s__B5bp
B5bq,s__B5bq
B5bs,s__B5bs
B5bv,s__B5bv
B5bw,s__B5bw
B5by,s__B5by
B5bz,s__B5bz
B5c,s__B5c
B5ca,s__B5ca
B5cb,s__B5cb
B5cd,s__B5cd
B5ce,s__B5ce
B5cf,s__B5cf
B5ci,s__B5ci
B5ck,s__B5ck
B5cl,s__B5cl
B5cm,s__B5cm
B5cn,s__B5cn
B5co,s__B5co
B5cp,s__B5cp
B5cq,s__B5cq
B5cr,s__B5cr
B5cu,s__B5cu
B5cw,s__B5cw
B5cx,s__B5cx
B5cy,s__B5cy
B5cz,s__B5cz
B5d,s__B5d
B5da,s__B5da
B5db,s__B5db
B5dc,s__B5dc
B5dd,s__B5dd
B5de,s__B5de
B5dg,s__B5dg
B5dh,s__B5dh
B5di,s__B5di
B5dj,s__B5dj
B5dk,s__B5dk
B5dl,s__B5dl
B5dm,s__B5dm
B5dn,s__B5dn
B5dp,s__B5dp
B5dq,s__B5dq
B5f,s__B5f
B5g,s__B5g
B5h,s__B5h
B5i,s__B5i
B5l,s__B5l
B5m,s__B5m
B5o,s__B5o
B5p,s__B5p
B5q,s__B5q
B5s,s__B5s
B5t,s__B5t
B5u,s__B5u
B5v,s__B5v
B5x,s__B5x
B5z,s__B5z
B6,s__B6
B6e,s__B6e
B6f,s__B6f
B6g,s__B6g
B6h,s__B6h
B6i,s__B6i
B6j,s__B6j
B6k,s__B6k
B6l,s__B6l
B7,s__B7
B7a,s__B7a
B7b,s__B7b
B7c,s__B7c
B8a,s__B8a
B9,s__B9
C10,s__C10
C105,s__C105
C105a,s__C105a
C105b,s__C105b
C105c,s__C105c
C106,s__C106
C106a,s__C106a
C107,s__C107
C107a,s__C107a
C107b,s__C107b
C107c,s__C107c
C107e,s__C107e
C10b,s__C10b
C11,s__C11
C110,s__C110
C112,s__C112
C113,s__C113
C115,s__C115
C115a,s__C115a
C115b,s__C115b
C115c,s__C115c
C115d,s__C115d
C115e,s__C115e
C115f,s__C115f
C115g,s__C115g
C115h,s__C115h
C115i,s__C115i
C115j,s__C115j
C115k,s__C115k
C115l,s__C115l
C115m,s__C115m
C115p,s__C115p
C115q,s__C115q
C115r,s__C115r
C115s,s__C115s
C115t,s__C115t
C115u,s__C115u
C115v,s__C115v
C115w,s__C115w
C115x,s__C115x
C115y,s__C115y
C115z,s__C115z
C116,s__C116
C116a,s__C116a
C116ab,s__C116ab
C116ac,s__C116ac
C116ad,s__C116ad
C116ae,s__C116ae
C116af,s__C116af
C116ag,s__C116ag
C116ah,s__C116ah
C116ai,s__C116ai
C116aj,s__C116aj
C116ak,s__C116ak
C116am,s__C116am
C116an,s__C116an
C116ao,s__C116ao
C116ap,s__C116ap
C116aq,s__C116aq
C116ar,s__C116ar
C116as,s__C116as
C116at,s__C116at
C116au,s__C116au
C116av,s__C116av
C116aw,s__C116aw
C116ax,s__C116ax
C116ay,s__C116ay
C116az,s__C116az
C116b,s__C116b
C116ba,s__C116ba
C116bb,s__C116bb
C116bc,s__C116bc
C116bd,s__C116bd
C116be,s__C116be
C116bf,s__C116bf
C116bg,s__C116bg
C116bh,s__C116bh
C116bi,s__C116bi
C116bj,s__C116bj
C116bk,s__C116bk
C116bl,s__C116bl
C116bm,s__C116bm
C116bn,s__C116bn
C116bo,s__C116bo
C116bp,s__C116bp
C116bq,s__C116bq
C116br,s__C116br
C116bs,s__C116bs
C116bt,s__C116bt
C116bu,s__C116bu
C116bv,s__C116bv
C116bw,s__C116bw
C116bx,s__C116bx
C116by,s__C116by
C116c,s__C116c
C116d,s__C116d
C116e,s__C116e
C116f,s__C116f
C116g,s__C116g
C116h,s__C116h
C116i,s__C116i
C116k,s__C116k
C116l,s__C116l
C116m,s__C116m
C116n,s__C116n
C116o,s__C116o
C116p,s__C116p
C116q,s__C116q
C116r,s__C116r
C116s,s__C116s
C116t,s__C116t
C116u,s__C116u
C116v,s__C116v
C116w,s__C116w
C116x,s__C116x
C116y,s__C116y
C116z,s__C116z
C119,s__C119
C11a,s__C11a
C11b,s__C11b
C120,s__C120
C120a,s__C120a
C120b,s__C120b
C120c,s__C120c
C120d,s__C120d
C120f,s__C120f
C120g,s__C120g
C120h,s__C120h
C123,s__C123
C123a,s__C123a
C123b,s__C123b
C123c,s__C123c
C124,s__C124
C128,s__C128
C12a,s__C12a
C12d,s__C12d
C12f,s__C12f
C12g,s__C12g
C12j,s__C12j
C14,s__C14
C1.5,s__C1.5
C15.3,s__C15.3
C15.8,s__C15.8
C15.9/C15bb,s__C15.9/C15bb
C15a,s__C15a
C15aa,s__C15aa
C15ab,s__C15ab
C15ac,s__C15ac
C15ad,s__C15ad
C15ae,s__C15ae
C15af,s__C15af
C15ag,s__C15ag
C15ah,s__C15ah
C15ai,s__C15ai
C15aj,s__C15aj
C15ak,s__C15ak
C15al,s__C15al
C15am,s__C15am
C15an,s__C15an
C15ao,s__C15ao
C15ap,s__C15ap
C15aq,s__C15aq
C15ar,s__C15ar
C15as,s__C15as
C15at,s__C15at
C15au,s__C15au
C15av,s__C15av
C15ax,s__C15ax
C15ay,s__C15ay
C15az,s__C15az
C15bc,s__C15bc
C15be,s__C15be
C15bg,s__C15bg
C15bh,s__C15bh
C15bi,s__C15bi
C15bj,s__C15bj
C15bk,s__C15bk
C15bl,s__C15bl
C15bm,s__C15bm
C15bn,s__C15bn
C15bo,s__C15bo
C15br,s__C15br
C15bs,s__C15bs
C15bt,s__C15bt
C15bu,s__C15bu
C15bv,s__C15bv
C15bw,s__C15bw
C15bx,s__C15bx
C15by,s__C15by
C15bz,s__C15bz
C15c,s__C15c
C15ca,s__C15ca
C15cb,s__C15cb
C15cc,s__C15cc
C15cd,s__C15cd
C15cf,s__C15cf
C15cg,s__C15cg
C15ch,s__C15ch
C15ci,s__C15ci
C15cj,s__C15cj
C15cl,s__C15cl
C15cm,s__C15cm
C15cn,s__C15cn
C15cp,s__C15cp
C15cq,s__C15cq
C15cr,s__C15cr
C15cs,s__C15cs
C15ct,s__C15ct
C15cu,s__C15cu
C15cv,s__C15cv
C15cw,s__C15cw
C15cx,s__C15cx
C15cy,s__C15cy
C15cz,s__C15cz
C15d,s__C15d
C15da,s__C15da
C15db,s__C15db
C15dc,s__C15dc
C15dd,s__C15dd
C15df,s__C15df
C15dg,s__C15dg
C15dh,s__C15dh
C15dj,s__C15dj
C15dl,s__C15dl
C15dm,s__C15dm
C15dn,s__C15dn
C15do,s__C15do
C15dp,s__C15dp
C15dq,s__C15dq
C15dr,s__C15dr
C15ds,s__C15ds
C15dt,s__C15dt
C15du,s__C15du
C15dv,s__C15dv
C15dw,s__C15dw
C15dx,s__C15dx
C15dy,s__C15dy
C15dz,s__C15dz
C15e,s__C15e
C15eb,s__C15eb
C15ed,s__C15ed
C15ee,s__C15ee
C15ef,s__C15ef
C15eg,s__C15eg
C15eh,s__C15eh
C15ei,s__C15ei
C15ej,s__C15ej
C15ek,s__C15ek
C15el,s__C15el
C15em,s__C15em
C15en,s__C15en
C15eo,s__C15eo
C15ep,s__C15ep
C15er,s__C15er
C15es,s__C15es
C15et,s__C15et
C15eu,s__C15eu
C15ew,s__C15ew
C15ex,s__C15ex
C15ey,s__C15ey
C15fa,s__C15fa
C15fb,s__C15fb
C15fc,s__C15fc
C15fd,s__C15fd
C15fe,s__C15fe
C15ff,s__C15ff
C15fg,s__C15fg
C15fh,s__C15fh
C15fi,s__C15fi
C15fj,s__C15fj
C15fk,s__C15fk
C15fl,s__C15fl
C15fm,s__C15fm
C15fn,s__C15fn
C15fo,s__C15fo
C15fq,s__C15fq
C15fr,s__C15fr
C15fs,s__C15fs
C15ft,s__C15ft
C15fu,s__C15fu
C15fw,s__C15fw
C15fx,s__C15fx
C15fy,s__C15fy
C15fz,s__C15fz
C15g,s__C15g
C15ga,s__C15ga
C15gb,s__C15gb
C15gc,s__C15gc
C15gd,s__C15gd
C15ge,s__C15ge
C15gf,s__C15gf
C15gh,s__C15gh
C15gi,s__C15gi
C15gj,s__C15gj
C15gk,s__C15gk
C15gl,s__C15gl
C15gm,s__C15gm
C15go,s__C15go
C15gp,s__C15gp
C15gq,s__C15gq
C15gr,s__C15gr
C15gt,s__C15gt
C15gu,s__C15gu
C15gw,s__C15gw
C15gx,s__C15gx
C15h,s__C15h
C15ha,s__C15ha
C15hb,s__C15hb
C15hc,s__C15hc
C15hd,s__C15hd
C15hf,s__C15hf
C15hg,s__C15hg
C15hh,s__C15hh
C15hi,s__C15hi
C15hj,s__C15hj
C15hk,s__C15hk
C15hl,s__C15hl
C15hm,s__C15hm
C15hn,s__C15hn
C15ho,s__C15ho
C15hq,s__C15hq
C15hr,s__C15hr
C15hs,s__C15hs
C15ht,s__C15ht
C15hu,s__C15hu
C15hw,s__C15hw
C15hx,s__C15hx
C15hy,s__C15hy
C15hz,s__C15hz
C15i,s__C15i
C15ia,s__C15ia
C15ib,s__C15ib
C15ic,s__C15ic
C15id,s__C15id
C15ie,s__C15ie
C15if,s__C15if
C15ig,s__C15ig
C15ih,s__C15ih
C15ij,s__C15ij
C15ik,s__C15ik
C15im,s__C15im
C15in,s__C15in
C15io,s__C15io
C15ip,s__C15ip
C15ir,s__C15ir
C15is,s__C15is
C15it,s__C15it
C15iu,s__C15iu
C15iv,s__C15iv
C15iw,s__C15iw
C15ix,s__C15ix
C15iy,s__C15iy
C15iz,s__C15iz
C15j,s__C15j
C15jb,s__C15jb
C15jc,s__C15jc
C15jd,s__C15jd
C15je,s__C15je
C15jf,s__C15jf
C15jg,s__C15jg
C15jh,s__C15jh
C15ji,s__C15ji
C15jj,s__C15jj
C15jk,s__C15jk
C15jl,s__C15jl
C15jm,s__C15jm
C15jn,s__C15jn
C15jo,s__C15jo
C15jp,s__C15jp
C15jq,s__C15jq
C15jr,s__C15jr
C15js,s__C15js
C15jt,s__C15jt
C15jv,s__C15jv
C15jw,s__C15jw
C15jx,s__C15jx
C15jy,s__C15jy
C15jz,s__C15jz
C15k,s__C15k
C15ka,s__C15ka
C15kb,s__C15kb
C15kc,s__C15kc
C15kd,s__C15kd
C15kf,s__C15kf
C15kg,s__C15kg
C15kh,s__C15kh
C15ki,s__C15ki
C15kj,s__C15kj
C15kl,s__C15kl
C15km,s__C15km
C15kn,s__C15kn
C15ko,s__C15ko
C15kp,s__C15kp
C15kq,s__C15kq
C15kr,s__C15kr
C15ks,s__C15ks
C15kt,s__C15kt
C15ku,s__C15ku
C15kv,s__C15kv
C15kw,s__C15kw
C15kx,s__C15kx
C15ky,s__C15ky
C15kz,s__C15kz
C15la,s__C15la
C15lb,s__C15lb
C15lc,s__C15lc
C15L/C15bq,s__C15L/C15bq
C15le,s__C15le
C15lf,s__C15lf
C15lg,s__C15lg
C15lh,s__C15lh
C15li,s__C15li
C15lj,s__C15lj
C15lk,s__C15lk
C15ll,s__C15ll
C15lm,s__C15lm
C15ln,s__C15ln
C15lo,s__C15lo
C15lp,s__C15lp
C15lq,s__C15lq
C15lr,s__C15lr
C15ls,s__C15ls
C15lt,s__C15lt
C15lu,s__C15lu
C15lv,s__C15lv
C15lw,s__C15lw
C15lx,s__C15lx
C15ly,s__C15ly
C15lz,s__C15lz
C15m,s__C15m
C15ma,s__C15ma
C15mb,s__C15mb
C15md,s__C15md
C15me,s__C15me
C15mf,s__C15mf
C15mg,s__C15mg
C15mh,s__C15mh
C15mi,s__C15mi
C15mj,s__C15mj
C15mk,s__C15mk
C15ml,s__C15ml
C15mm,s__C15mm
C15mn,s__C15mn
C15mo/C15.1,s__C15mo/C15.1
C15mp,s__C15mp
C15mq,s__C15mq
C15mr,s__C15mr
C15ms,s__C15ms
C15mt,s__C15mt
C15mu,s__C15mu
C15mv,s__C15mv
C15mw,s__C15mw
C15mx,s__C15mx
C15my,s__C15my
C15mz,s__C15mz
C15n,s__C15n
C15na,s__C15na
C15nb,s__C15nb
C15nc,s__C15nc
C15nd,s__C15nd
C15ne,s__C15ne
C15nf,s__C15nf
C15ng,s__C15ng
C15nh,s__C15nh
C15ni,s__C15ni
C15nj,s__C15nj
C15nk,s__C15nk
C15nl,s__C15nl
C15nn,s__C15nn
C15no,s__C15no
C15np,s__C15np
C15nq,s__C15nq
C15nr,s__C15nr
C15ns,s__C15ns
C15nt,s__C15nt
C15nu,s__C15nu
C15nv,s__C15nv
C15nw,s__C15nw
C15nx,s__C15nx
C15ny,s__C15ny
C15nz,s__C15nz
C15o,s__C15o
C15oa,s__C15oa
C15ob,s__C15ob
C15oc,s__C15oc
C15od,s__C15od
C15oe,s__C15oe
C15of,s__C15of
C15oh,s__C15oh
C15oi,s__C15oi
C15oj,s__C15oj
C15ok,s__C15ok
C15ol,s__C15ol
C15om,s__C15om
C15on,s__C15on
C15oo,s__C15oo
C15op,s__C15op
C15oq,s__C15oq
C15or,s__C15or
C15os,s__C15os
C15ot,s__C15ot
C15ou,s__C15ou
C15ov,s__C15ov
C15ow,s__C15ow
C15ox,s__C15ox
C15oy,s__C15oy
C15oz,s__C15oz
C15p,s__C15p
C15pa,s__C15pa
C15pb,s__C15pb
C15pc,s__C15pc
C15pd,s__C15pd
C15pe,s__C15pe
C15pf,s__C15pf
C15pg,s__C15pg
C15ph,s__C15ph
C15pi,s__C15pi
C15pj,s__C15pj
C15pk,s__C15pk
C15pl,s__C15pl
C15pn,s__C15pn
C15po,s__C15po
C15pp,s__C15pp
C15pq,s__C15pq
C15pr,s__C15pr
C15ps,s__C15ps
C15pt,s__C15pt
C15pu,s__C15pu
C15pv,s__C15pv
C15pw,s__C15pw
C15px,s__C15px
C15py,s__C15py
C15pz,s__C15pz
C15q,s__C15q
C15qa,s__C15qa
C15qb,s__C15qb
C15qc,s__C15qc
C15qd,s__C15qd
C15qe,s__C15qe
C15qf,s__C15qf
C15qg,s__C15qg
C15qh,s__C15qh
C15qi,s__C15qi
C15qj,s__C15qj
C15ql,s__C15ql
C15qm,s__C15qm
C15qn,s__C15qn
C15qo,s__C15qo
C15qp,s__C15qp
C15qq,s__C15qq
C15qr,s__C15qr
C15qs,s__C15qs
C15qt,s__C15qt
C15qu,s__C15qu
C15qx,s__C15qx
C15qy,s__C15qy
C15qz,s__C15qz
C15r,s__C15r
C15ra,s__C15ra
C15rb,s__C15rb
C15rc,s__C15rc
C15rd,s__C15rd
C15re,s__C15re
C15rf,s__C15rf
C15rg,s__C15rg
C15rh,s__C15rh
C15ri,s__C15ri
C15rj,s__C15rj
C15rk,s__C15rk
C15rl,s__C15rl
C15rm,s__C15rm
C15ro,s__C15ro
C15rp,s__C15rp
C15rq,s__C15rq
C15rr,s__C15rr
C15rs,s__C15rs
C15rt,s__C15rt
C15ru,s__C15ru
C15rv,s__C15rv
C15rw,s__C15rw
C15rx,s__C15rx
C15rz,s__C15rz
C15s,s__C15s
C15sa,s__C15sa
C15sb,s__C15sb
C15sd,s__C15sd
C15se,s__C15se
C15sf,s__C15sf
C15sg,s__C15sg
C15si,s__C15si
C15sj,s__C15sj
C15sl,s__C15sl
C15sm,s__C15sm
C15sn,s__C15sn
C15so,s__C15so
C15sp,s__C15sp
C15sq,s__C15sq
C15sr,s__C15sr
C15ss,s__C15ss
C15st,s__C15st
C15su,s__C15su
C15sv,s__C15sv
C15sw,s__C15sw
C15sx,s__C15sx
C15sy,s__C15sy
C15sz,s__C15sz
C15ta,s__C15ta
C15tc,s__C15tc
C15td,s__C15td
C15te,s__C15te
C15tf,s__C15tf
C15tg,s__C15tg
C15th,s__C15th
C15ti,s__C15ti
C15tj,s__C15tj
C15tk,s__C15tk
C15tl,s__C15tl
C15tm,s__C15tm
C15tn,s__C15tn
C15to,s__C15to
C15tp,s__C15tp
C15tq,s__C15tq
C15tr,s__C15tr
C15tt,s__C15tt
C15tu,s__C15tu
C15tv,s__C15tv
C15tw,s__C15tw
C15tx,s__C15tx
C15ty,s__C15ty
C15tz,s__C15tz
C15u,s__C15u
C15ua,s__C15ua
C15ub,s__C15ub
C15uc,s__C15uc
C15ud,s__C15ud
C15uf,s__C15uf
C15ug,s__C15ug
C15uh,s__C15uh
C15ui,s__C15ui
C15uj,s__C15uj
C15uk,s__C15uk
C15ul,s__C15ul
C15um,s__C15um
C15un,s__C15un
C15uo,s__C15uo
C15up,s__C15up
C15uq,s__C15uq
C15ur,s__C15ur
C15us,s__C15us
C15ut,s__C15ut
C15uu,s__C15uu
C15uv,s__C15uv
C15uw,s__C15uw
C15ux,s__C15ux
C15uy,s__C15uy
C15uz,s__C15uz
C15v,s__C15v
C15va,s__C15va
C15vb,s__C15vb
C15vc,s__C15vc
C15ve,s__C15ve
C15vf,s__C15vf
C15vh,s__C15vh
C15vi,s__C15vi
C15vj,s__C15vj
C15vk,s__C15vk
C15vl,s__C15vl
C15vn,s__C15vn
C15vo,s__C15vo
C15vp,s__C15vp
C15vr,s__C15vr
C15vs,s__C15vs
C15vt,s__C15vt
C15vu,s__C15vu
C15vv,s__C15vv
C15vw,s__C15vw
C15vx,s__C15vx
C15vy,s__C15vy
C15w,s__C15w
C15wb,s__C15wb
C15wc,s__C15wc
C15wd,s__C15wd
C15we,s__C15we
C15wf,s__C15wf
C15wg,s__C15wg
C15wh,s__C15wh
C15wi,s__C15wi
C15wj,s__C15wj
C15wk,s__C15wk
C15wl,s__C15wl
C15wm,s__C15wm
C15wn,s__C15wn
C15wo,s__C15wo
C15wp,s__C15wp
C15wq,s__C15wq
C15wr,s__C15wr
C15ws,s__C15ws
C15wt,s__C15wt
C15wu,s__C15wu
C15wv,s__C15wv
C15ww,s__C15ww
C15wx,s__C15wx
C15wy,s__C15wy
C15wz,s__C15wz
C15xa,s__C15xa
C15xb,s__C15xb
C15xc,s__C15xc
C15xd,s__C15xd
C15xe,s__C15xe
C15xf,s__C15xf
C15xg,s__C15xg
C15xh,s__C15xh
C15xi,s__C15xi
C15z,s__C15z
C16,s__C16
C163a,s__C163a
C163b,s__C163b
C163c,s__C163c
C16a,s__C16a
C16b,s__C16b
C16c,s__C16c
C1.6/C1bo,s__C1.6/C1bo
C16d,s__C16d
C16e,s__C16e
C16f,s__C16f
C17,s__C17
C17.2/C17d,s__C17.2/C17d
C17a,s__C17a
C17aa,s__C17aa
C17ab,s__C17ab
C17ac,s__C17ac
C17ad,s__C17ad
C17ae,s__C17ae
C17ag,s__C17ag
C17ah,s__C17ah
C17ai,s__C17ai
C17aj,s__C17aj
C17ak,s__C17ak
C17al,s__C17al
C17am,s__C17am
C17b,s__C17b
C17c,s__C17c
C1.7/C1lk,s__C1.7/C1lk
C17e,s__C17e
C17f,s__C17f
C17g,s__C17g
C17h,s__C17h
C17j,s__C17j
C17l,s__C17l
C17m,s__C17m
C17n,s__C17n
C17o,s__C17o
C17p,s__C17p
C17q,s__C17q
C17r,s__C17r
C17s,s__C17s
C17u,s__C17u
C17v,s__C17v
C17w,s__C17w
C17x,s__C17x
C17y,s__C17y
C17z,s__C17z
C18,s__C18
C18a,s__C18a
C18b,s__C18b
C18c,s__C18c
C18d,s__C18d
C18e,s__C18e
C18f,s__C18f
C18g,s__C18g
C18h,s__C18h
C1a,s__C1a
C1aa,s__C1aa
C1ab,s__C1ab
C1ac,s__C1ac
C1ad,s__C1ad
C1ae,s__C1ae
C1af,s__C1af
C1ah,s__C1ah
C1ai,s__C1ai
C1aj,s__C1aj
C1ak,s__C1ak
C1al,s__C1al
C1am,s__C1am
C1an,s__C1an
C1ao,s__C1ao
C1ap,s__C1ap
C1aq,s__C1aq
C1ar,s__C1ar
C1as,s__C1as
C1at,s__C1at
C1au,s__C1au
C1av,s__C1av
C1aw,s__C1aw
C1ax,s__C1ax
C1ay,s__C1ay
C1az,s__C1az
C1b,s__C1b
C1ba,s__C1ba
C1bb,s__C1bb
C1bc,s__C1bc
C1bd,s__C1bd
C1be,s__C1be
C1bf,s__C1bf
C1bg,s__C1bg
C1bh,s__C1bh
C1bl,s__C1bl
C1bm,s__C1bm
C1bn,s__C1bn
C1bp,s__C1bp
C1bq,s__C1bq
C1br,s__C1br
C1bs,s__C1bs
C1bt,s__C1bt
C1bu,s__C1bu
C1bv,s__C1bv
C1bw,s__C1bw
C1bx,s__C1bx
C1by,s__C1by
C1bz,s__C1bz
C1c,s__C1c
C1ca,s__C1ca
C1cb,s__C1cb
C1cd,s__C1cd
C1ce,s__C1ce
C1cf,s__C1cf
C1cg,s__C1cg
C1ch,s__C1ch
C1ci,s__C1ci
C1cj,s__C1cj
C1ck,s__C1ck
C1cl,s__C1cl
C1cm,s__C1cm
C1cn,s__C1cn
C1co,s__C1co
C1cp,s__C1cp
C1cq,s__C1cq
C1cr,s__C1cr
C1cs,s__C1cs
C1ct,s__C1ct
C1cu,s__C1cu
C1cv,s__C1cv
C1cw,s__C1cw
C1cx,s__C1cx
C1cy,s__C1cy
C1cz,s__C1cz
C1da,s__C1da
C1dc,s__C1dc
C1dd,s__C1dd
C1de,s__C1de
C1df,s__C1df
C1dg,s__C1dg
C1dh,s__C1dh
C1di,s__C1di
C1dj,s__C1dj
C1dl,s__C1dl
C1dm,s__C1dm
C1dn,s__C1dn
C1do,s__C1do
C1dp,s__C1dp
C1dq,s__C1dq
C1dr,s__C1dr
C1ds,s__C1ds
C1dt,s__C1dt
C1du,s__C1du
C1dv,s__C1dv
C1dw,s__C1dw
C1dx,s__C1dx
C1dy,s__C1dy
C1dz,s__C1dz
C1e,s__C1e
C1ea,s__C1ea
C1eb,s__C1eb
C1ed,s__C1ed
C1ee,s__C1ee
C1eh,s__C1eh
C1ei,s__C1ei
C1ek,s__C1ek
C1el,s__C1el
C1em,s__C1em
C1en,s__C1en
C1eo,s__C1eo
C1ep,s__C1ep
C1eq,s__C1eq
C1er,s__C1er
C1es,s__C1es
C1et,s__C1et
C1eu,s__C1eu
C1ev,s__C1ev
C1ew,s__C1ew
C1ex,s__C1ex
C1ey,s__C1ey
C1ez,s__C1ez
C1f,s__C1f
C1fa,s__C1fa
C1fb,s__C1fb
C1fc,s__C1fc
C1fe,s__C1fe
C1ff,s__C1ff
C1fg,s__C1fg
C1fh,s__C1fh
C1fi,s__C1fi
C1fj,s__C1fj
C1fk,s__C1fk
C1fl,s__C1fl
C1fm,s__C1fm
C1fn,s__C1fn
C1fo,s__C1fo
C1fp,s__C1fp
C1fq,s__C1fq
C1fr,s__C1fr
C1fs,s__C1fs
C1ft,s__C1ft
C1fu,s__C1fu
C1fv,s__C1fv
C1fw,s__C1fw
C1fx,s__C1fx
C1fy,s__C1fy
C1fz,s__C1fz
C1g,s__C1g
C1ga,s__C1ga
C1gb,s__C1gb
C1gd,s__C1gd
C1ge,s__C1ge
C1gf,s__C1gf
C1gg,s__C1gg
C1gh,s__C1gh
C1gi,s__C1gi
C1gj,s__C1gj
C1gl,s__C1gl
C1gm,s__C1gm
C1gn,s__C1gn
C1go,s__C1go
C1gp,s__C1gp
C1gq,s__C1gq
C1gr,s__C1gr
C1gs,s__C1gs
C1gt,s__C1gt
C1gu,s__C1gu
C1gv,s__C1gv
C1gw,s__C1gw
C1gx,s__C1gx
C1gy,s__C1gy
C1gz,s__C1gz
C1h,s__C1h
C1ha,s__C1ha
C1hb,s__C1hb
C1hc,s__C1hc
C1hd,s__C1hd
C1he,s__C1he
C1hf,s__C1hf
C1hg,s__C1hg
C1hh,s__C1hh
C1hj,s__C1hj
C1hk,s__C1hk
C1hl,s__C1hl
C1hm,s__C1hm
C1hn,s__C1hn
C1ho,s__C1ho
C1hp,s__C1hp
C1hq,s__C1hq
C1hr,s__C1hr
C1hs,s__C1hs
C1ht,s__C1ht
C1hu,s__C1hu
C1hv,s__C1hv
C1hw,s__C1hw
C1hx,s__C1hx
C1hy,s__C1hy
C1hz,s__C1hz
C1i,s__C1i
C1ia,s__C1ia
C1ib,s__C1ib
C1ic,s__C1ic
C1id,s__C1id
C1ie,s__C1ie
C1if,s__C1if
C1ig,s__C1ig
C1ih,s__C1ih
C1ii,s__C1ii
C1ij,s__C1ij
C1ik,s__C1ik
C1il,s__C1il
C1im,s__C1im
C1in,s__C1in
C1io,s__C1io
C1ip,s__C1ip
C1iq,s__C1iq
C1ir,s__C1ir
C1is,s__C1is
C1it,s__C1it
C1iu,s__C1iu
C1iv,s__C1iv
C1ix,s__C1ix
C1iy,s__C1iy
C1j,s__C1j
C1ja,s__C1ja
C1jb,s__C1jb
C1jc,s__C1jc
C1jd,s__C1jd
C1je,s__C1je
C1jf,s__C1jf
C1jg,s__C1jg
C1jh,s__C1jh
C1ji,s__C1ji
C1jj,s__C1jj
C1jk,s__C1jk
C1jl,s__C1jl
C1jm,s__C1jm
C1jn,s__C1jn
C1jo,s__C1jo
C1jp,s__C1jp
C1jq,s__C1jq
C1jr,s__C1jr
C1js,s__C1js
C1jt,s__C1jt
C1ju,s__C1ju
C1jv,s__C1jv
C1jw,s__C1jw
C1jx,s__C1jx
C1jy,s__C1jy
C1jz,s__C1jz
C1ka,s__C1ka
C1kc,s__C1kc
C1kd,s__C1kd
C1ke,s__C1ke
C1kf,s__C1kf
C1kg,s__C1kg
C1kh,s__C1kh
C1ki,s__C1ki
C1kj,s__C1kj
C1kk,s__C1kk
C1kl,s__C1kl
C1km,s__C1km
C1kn,s__C1kn
C1ko,s__C1ko
C1kp,s__C1kp
C1kq,s__C1kq
C1kr,s__C1kr
C1ks,s__C1ks
C1kt,s__C1kt
C1ku,s__C1ku
C1kv,s__C1kv
C1kw,s__C1kw
C1kx,s__C1kx
C1ky,s__C1ky
C1kz,s__C1kz
C1l,s__C1l
C1la,s__C1la
C1lb,s__C1lb
C1lc,s__C1lc
C1ld,s__C1ld
C1le,s__C1le
C1lf,s__C1lf
C1lg,s__C1lg
C1lh,s__C1lh
C1li,s__C1li
C1lj,s__C1lj
C1ll,s__C1ll
C1lm,s__C1lm
C1ln,s__C1ln
C1lo,s__C1lo
C1lp,s__C1lp
C1lq,s__C1lq
C1lr,s__C1lr
C1ls,s__C1ls
C1lu,s__C1lu
C1lv,s__C1lv
C1lw,s__C1lw
C1lx,s__C1lx
C1ly,s__C1ly
C1lz,s__C1lz
C1ma,s__C1ma
C1mb,s__C1mb
C1mc,s__C1mc
C1md,s__C1md
C1me,s__C1me
C1mf,s__C1mf
C1mg,s__C1mg
C1mh,s__C1mh
C1mi,s__C1mi
C1mj,s__C1mj
C1mk,s__C1mk
C1ml,s__C1ml
C1mm,s__C1mm
C1mn,s__C1mn
C1mo,s__C1mo
C1mp,s__C1mp
C1mq,s__C1mq
C1mr,s__C1mr
C1ms,s__C1ms
C1mt,s__C1mt
C1mu,s__C1mu
C1mv,s__C1mv
C1mw,s__C1mw
C1mx,s__C1mx
C1my,s__C1my
C1mz,s__C1mz
C1n,s__C1n
C1na,s__C1na
C1nb,s__C1nb
C1nc,s__C1nc
C1nd,s__C1nd
C1ne,s__C1ne
C1nf,s__C1nf
C1ng,s__C1ng
C1nh,s__C1nh
C1nj,s__C1nj
C1nk,s__C1nk
C1nn,s__C1nn
C1no,s__C1no
C1np,s__C1np
C1nq,s__C1nq
C1nr,s__C1nr
C1ns,s__C1ns
C1nt,s__C1nt
C1nu,s__C1nu
C1nv,s__C1nv
C1nw,s__C1nw
C1nx,s__C1nx
C1ny,s__C1ny
C1nz,s__C1nz
C1o,s__C1o
C1oa,s__C1oa
C1ob,s__C1ob
C1oc,s__C1oc
C1od,s__C1od
C1oe,s__C1oe
C1of,s__C1of
C1og,s__C1og
C1oh,s__C1oh
C1oi,s__C1oi
C1oj,s__C1oj
C1ok,s__C1ok
C1ol,s__C1ol
C1om,s__C1om
C1on,s__C1on
C1oo,s__C1oo
C1op,s__C1op
C1oq,s__C1oq
C1or,s__C1or
C1os,s__C1os
C1ot,s__C1ot
C1ou,s__C1ou
C1ov,s__C1ov
C1ow,s__C1ow
C1ox,s__C1ox
C1oy,s__C1oy
C1oz,s__C1oz
C1p,s__C1p
C1pa,s__C1pa
C1pb,s__C1pb
C1pc,s__C1pc
C1pd,s__C1pd
C1pe,s__C1pe
C1pf,s__C1pf
C1pg,s__C1pg
C1ph,s__C1ph
C1pi,s__C1pi
C1pj,s__C1pj
C1q,s__C1q
C1r,s__C1r
C1s,s__C1s
C1t,s__C1t
C1u,s__C1u
C1v,s__C1v
C1w,s__C1w
C1x,s__C1x
C1y,s__C1y
C1z,s__C1z
C2,s__C2
C20,s__C20
C21.11/C21ac,s__C21.11/C21ac
C21.13,s__C21.13
C21.14,s__C21.14
C21.16,s__C21.16
C21a,s__C21a
C21aa,s__C21aa
C21ab,s__C21ab
C21ad,s__C21ad
C21ae,s__C21ae
C21af,s__C21af
C21ag,s__C21ag
C21ah,s__C21ah
C21ai,s__C21ai
C21aj,s__C21aj
C21ak,s__C21ak
C21al,s__C21al
C21am,s__C21am
C21an,s__C21an
C21ao,s__C21ao
C21ap,s__C21ap
C21aq,s__C21aq
C21ar,s__C21ar
C21as,s__C21as
C21at,s__C21at
C21au,s__C21au
C21av,s__C21av
C21aw,s__C21aw
C21ay,s__C21ay
C21az,s__C21az
C21b,s__C21b
C21ba,s__C21ba
C21bb,s__C21bb
C21bc,s__C21bc
C21bd,s__C21bd
C21bf,s__C21bf
C21bg,s__C21bg
C21bh,s__C21bh
C21bi,s__C21bi
C21bj,s__C21bj
C21bk,s__C21bk
C21bl,s__C21bl
C21bm,s__C21bm
C21bn,s__C21bn
C21bo,s__C21bo
C21bq,s__C21bq
C21br,s__C21br
C21bs,s__C21bs
C21bt,s__C21bt
C21bu,s__C21bu
C21bv,s__C21bv
C21bw,s__C21bw
C21bx,s__C21bx
C21by,s__C21by
C21bz,s__C21bz
C21c,s__C21c
C21ca,s__C21ca
C21cb,s__C21cb
C21cc,s__C21cc
C21cd,s__C21cd
C21ce,s__C21ce
C21cf/C21.12,s__C21cf/C21.12
C21cg,s__C21cg
C21ch,s__C21ch
C21ci,s__C21ci
C21cj,s__C21cj
C21ck,s__C21ck
C21cl,s__C21cl
C21cm,s__C21cm
C21cn,s__C21cn
C21co,s__C21co
C21cp,s__C21cp
C21cq,s__C21cq
C21cs,s__C21cs
C21ct,s__C21ct
C21cu,s__C21cu
C21cv,s__C21cv
C21cw,s__C21cw
C21cx,s__C21cx
C21cy,s__C21cy
C21cz,s__C21cz
C21d,s__C21d
C21da,s__C21da
C21db,s__C21db
C21dc,s__C21dc
C21dd,s__C21dd
C21de,s__C21de
C21df,s__C21df
C21dg,s__C21dg
C21dh,s__C21dh
C21di,s__C21di
C21dj,s__C21dj
C21dk,s__C21dk
C21dl,s__C21dl
C21dn,s__C21dn
C21dq,s__C21dq
C21dr,s__C21dr
C21ds,s__C21ds
C21dt,s__C21dt
C21du,s__C21du
C21dv,s__C21dv
C21dw,s__C21dw
C21dx,s__C21dx
C21dy,s__C21dy
C21dz,s__C21dz
C21e,s__C21e
C21ea,s__C21ea
C21eb,s__C21eb
C21ec,s__C21ec
C21ed,s__C21ed
C21ef,s__C21ef
C21eh,s__C21eh
C21ei,s__C21ei
C21ej,s__C21ej
C21ek,s__C21ek
C21el,s__C21el
C21em,s__C21em
C21en,s__C21en
C21eo,s__C21eo
C21ep,s__C21ep
C21eq,s__C21eq
C21er,s__C21er
C21es,s__C21es
C21et,s__C21et
C21eu,s__C21eu
C21ev,s__C21ev
C21ew,s__C21ew
C21ex,s__C21ex
C21ey,s__C21ey
C21ez,s__C21ez
C21f,s__C21f
C21fa,s__C21fa
C21fb,s__C21fb
C21fc,s__C21fc
C21fd,s__C21fd
C21fe,s__C21fe
C21ff,s__C21ff
C21fg,s__C21fg
C21fh,s__C21fh
C21fi,s__C21fi
C21fj,s__C21fj
C21fk,s__C21fk
C21g,s__C21g
C21h,s__C21h
C21i,s__C21i
C21j,s__C21j
C21l,s__C21l
C21m,s__C21m
C21n,s__C21n
C21o,s__C21o
C21q,s__C21q
C21r,s__C21r
C21s,s__C21s
C21t,s__C21t
C21u,s__C21u
C21w,s__C21w
C21x,s__C21x
C21y,s__C21y
C21z,s__C21z
C22,s__C22
C22a,s__C22a
C22aa,s__C22aa
C22ab,s__C22ab
C22ad,s__C22ad
C22ae,s__C22ae
C22af,s__C22af
C22ag,s__C22ag
C22ai,s__C22ai
C22b,s__C22b
C22c,s__C22c
C22d,s__C22d
C22e,s__C22e
C22f,s__C22f
C22g,s__C22g
C22i,s__C22i
C22j,s__C22j
C22k,s__C22k
C22l,s__C22l
C22m,s__C22m
C22n,s__C22n
C22o,s__C22o
C22p,s__C22p
C22q,s__C22q
C22r,s__C22r
C22s,s__C22s
C22t,s__C22t
C22u,s__C22u
C22v,s__C22v
C22w,s__C22w
C22x,s__C22x
C22y,s__C22y
C22z,s__C22z
C23,s__C23
C23a,s__C23a
C24,s__C24
C24a,s__C24a
C25,s__C25
C26a,s__C26a
C26b,s__C26b
C26d,s__C26d
C26e,s__C26e
C26f,s__C26f
C26g,s__C26g
C27,s__C27
C27a,s__C27a
C27b,s__C27b
C27c,s__C27c
C27d,s__C27d
C27e,s__C27e
C27f,s__C27f
C27g,s__C27g
C27h,s__C27h
C27i,s__C27i
C27j,s__C27j
C27k,s__C27k
C27l,s__C27l
C27m,s__C27m
C28,s__C28
C29,s__C29
C29a,s__C29a
C2a,s__C2a
C2b,s__C2b
C30.2,s__C30.2
C31,s__C31
C3.10,s__C3.10
C3.11,s__C3.11
C31.1,s__C31.1
C31.10,s__C31.10
C3.12,s__C3.12
C3.14/C3te,s__C3.14/C3te
C31.5,s__C31.5
C31.6,s__C31.6
C31.9,s__C31.9
C31a,s__C31a
C31aa,s__C31aa
C31ac,s__C31ac
C31ag,s__C31ag
C31ah,s__C31ah
C31ai,s__C31ai
C31aj,s__C31aj
C31ak,s__C31ak
C31b,s__C31b
C31c,s__C31c
C31d,s__C31d
C31e,s__C31e
C31f,s__C31f
C31g,s__C31g
C31h,s__C31h
C31i,s__C31i
C31k,s__C31k
C31l,s__C31l
C31m,s__C31m
C31n,s__C31n
C31o,s__C31o
C31p,s__C31p
C31q,s__C31q
C31s,s__C31s
C31t,s__C31t
C31u,s__C31u
C31v,s__C31v
C31w,s__C31w
C31x,s__C31x
C31y,s__C31y
C31z,s__C31z
C3.2,s__C3.2
C32,s__C32
C32a,s__C32a
C32b,s__C32b
C32c,s__C32c
C33.2,s__C33.2
C33a,s__C33a
C33b,s__C33b
C33c,s__C33c
C34,s__C34
C35.1,s__C35.1
C35.3,s__C35.3
C35a,s__C35a
C36,s__C36
C36a,s__C36a
C3.7,s__C3.7
C37,s__C37
C3.8,s__C3.8
C38,s__C38
C38a,s__C38a
C3.9,s__C3.9
C39a,s__C39a
C39aa,s__C39aa
C39ab,s__C39ab
C39ac,s__C39ac
C39ad,s__C39ad
C39ae,s__C39ae
C39af,s__C39af
C39ag,s__C39ag
C39ah,s__C39ah
C39ai,s__C39ai
C39aj,s__C39aj
C39ak,s__C39ak
C39al,s__C39al
C39an,s__C39an
C39ao,s__C39ao
C39ap,s__C39ap
C39aq,s__C39aq
C39ar,s__C39ar
C39as,s__C39as
C39at,s__C39at
C39au,s__C39au
C39av,s__C39av
C39aw,s__C39aw
C39ax,s__C39ax
C39ay,s__C39ay
C39az,s__C39az
C39b,s__C39b
C39ba,s__C39ba
C39bb,s__C39bb
C39bc,s__C39bc
C39bd,s__C39bd
C39d,s__C39d
C39e,s__C39e
C39f,s__C39f
C39g,s__C39g
C39h,s__C39h
C39i,s__C39i
C39j,s__C39j
C39k,s__C39k
C39l,s__C39l
C39m,s__C39m
C39n,s__C39n
C39o,s__C39o
C39p,s__C39p
C39q,s__C39q
C39r,s__C39r
C39s,s__C39s
C39t,s__C39t
C39u,s__C39u
C39v,s__C39v
C39w,s__C39w
C39x,s__C39x
C39y,s__C39y
C39z,s__C39z
C3aa,s__C3aa
C3ab,s__C3ab
C3ac,s__C3ac
C3ad,s__C3ad
C3ae,s__C3ae
C3af,s__C3af
C3ag,s__C3ag
C3ah,s__C3ah
C3ai,s__C3ai
C3aj,s__C3aj
C3ak,s__C3ak
C3al,s__C3al
C3am,s__C3am
C3an,s__C3an
C3ao,s__C3ao
C3ap,s__C3ap
C3aq,s__C3aq
C3ar,s__C3ar
C3as,s__C3as
C3at,s__C3at
C3au,s__C3au
C3av,s__C3av
C3aw,s__C3aw
C3ax,s__C3ax
C3ay,s__C3ay
C3b,s__C3b
C3ba,s__C3ba
C3bb,s__C3bb
C3bc,s__C3bc
C3bd,s__C3bd
C3be,s__C3be
C3bf,s__C3bf
C3bg,s__C3bg
C3bh,s__C3bh
C3bi,s__C3bi
C3bj,s__C3bj
C3bk,s__C3bk
C3bl,s__C3bl
C3bm,s__C3bm
C3bn,s__C3bn
C3bp,s__C3bp
C3bq,s__C3bq
C3br,s__C3br
C3bs,s__C3bs
C3bt,s__C3bt
C3bu,s__C3bu
C3bv,s__C3bv
C3bw,s__C3bw
C3bx,s__C3bx
C3by,s__C3by
C3bz,s__C3bz
C3c,s__C3c
C3ca,s__C3ca
C3cb,s__C3cb
C3cc,s__C3cc
C3ce,s__C3ce
C3cf,s__C3cf
C3cg,s__C3cg
C3ch,s__C3ch
C3ci,s__C3ci
C3cj,s__C3cj
C3ck,s__C3ck
C3cl,s__C3cl
C3cm,s__C3cm
C3cn,s__C3cn
C3co,s__C3co
C3cp,s__C3cp
C3cq,s__C3cq
C3cr,s__C3cr
C3cs,s__C3cs
C3ct,s__C3ct
C3cu,s__C3cu
C3cv,s__C3cv
C3cw,s__C3cw
C3cx,s__C3cx
C3cy,s__C3cy
C3cz,s__C3cz
C3d,s__C3d
C3da,s__C3da
C3db,s__C3db
C3dc,s__C3dc
C3dd,s__C3dd
C3de,s__C3de
C3df,s__C3df
C3dg,s__C3dg
C3dh,s__C3dh
C3di,s__C3di
C3dj,s__C3dj
C3dl,s__C3dl
C3dn,s__C3dn
C3do,s__C3do
C3dp,s__C3dp
C3dq,s__C3dq
C3dr,s__C3dr
C3ds,s__C3ds
C3du,s__C3du
C3dv,s__C3dv
C3dw,s__C3dw
C3dy,s__C3dy
C3dz,s__C3dz
C3e,s__C3e
C3eb,s__C3eb
C3ec,s__C3ec
C3ed,s__C3ed
C3ee,s__C3ee
C3ef,s__C3ef
C3eg,s__C3eg
C3eh,s__C3eh
C3ei,s__C3ei
C3ej,s__C3ej
C3ek,s__C3ek
C3el,s__C3el
C3em,s__C3em
C3en,s__C3en
C3eo,s__C3eo
C3ep,s__C3ep
C3eq,s__C3eq
C3er,s__C3er
C3es,s__C3es
C3et,s__C3et
C3eu,s__C3eu
C3ev,s__C3ev
C3ex,s__C3ex
C3ey,s__C3ey
C3f,s__C3f
C3fa,s__C3fa
C3fb,s__C3fb
C3fc,s__C3fc
C3fd,s__C3fd
C3ff,s__C3ff
C3fg,s__C3fg
C3fh,s__C3fh
C3fj,s__C3fj
C3fk,s__C3fk
C3fl,s__C3fl
C3fm,s__C3fm
C3fn,s__C3fn
C3fo,s__C3fo
C3fp,s__C3fp
C3fr,s__C3fr
C3ft,s__C3ft
C3fu,s__C3fu
C3fv,s__C3fv
C3fw,s__C3fw
C3fx,s__C3fx
C3fy,s__C3fy
C3fz,s__C3fz
C3g,s__C3g
C3ga,s__C3ga
C3gb,s__C3gb
C3gc,s__C3gc
C3gd,s__C3gd
C3ge,s__C3ge
C3gf,s__C3gf
C3gg,s__C3gg
C3gh,s__C3gh
C3gj,s__C3gj
C3gk,s__C3gk
C3gl,s__C3gl
C3gm,s__C3gm
C3gn,s__C3gn
C3go,s__C3go
C3gp,s__C3gp
C3gq,s__C3gq
C3gr,s__C3gr
C3gs,s__C3gs
C3gt,s__C3gt
C3gulf,s__C3gulf
C3gv,s__C3gv
C3gw,s__C3gw
C3gy,s__C3gy
C3gz,s__C3gz
C3h,s__C3h
C3ha,s__C3ha
C3hc,s__C3hc
C3he,s__C3he
C3hf,s__C3hf
C3hg,s__C3hg
C3hi,s__C3hi
C3hk,s__C3hk
C3hl,s__C3hl
C3hm,s__C3hm
C3hn,s__C3hn
C3ho,s__C3ho
C3hp,s__C3hp
C3hq,s__C3hq
C3hr,s__C3hr
C3hs,s__C3hs
C3ht,s__C3ht
C3hu,s__C3hu
C3hv,s__C3hv
C3hw,s__C3hw
C3hx,s__C3hx
C3hy,s__C3hy
C3hz,s__C3hz
C3i,s__C3i
C3ia,s__C3ia
C3ic,s__C3ic
C3id,s__C3id
C3if,s__C3if
C3ig,s__C3ig
C3ih,s__C3ih
C3ii,s__C3ii
C3ij,s__C3ij
C3ik,s__C3ik
C3il,s__C3il
C3im,s__C3im
C3in,s__C3in
C3io,s__C3io
C3ip,s__C3ip
C3iq,s__C3iq
C3ir,s__C3ir
C3is,s__C3is
C3it,s__C3it
C3iv,s__C3iv
C3iw,s__C3iw
C3ix,s__C3ix
C3iy,s__C3iy
C3iz,s__C3iz
C3j,s__C3j
C3ja,s__C3ja
C3jb,s__C3jb
C3jc,s__C3jc
C3jd,s__C3jd
C3je,s__C3je
C3jg,s__C3jg
C3jh,s__C3jh
C3jj,s__C3jj
C3jk,s__C3jk
C3jm,s__C3jm
C3jn,s__C3jn
C3jo,s__C3jo
C3jp,s__C3jp
C3js,s__C3js
C3jt,s__C3jt
C3ju,s__C3ju
C3jv,s__C3jv
C3jw,s__C3jw
C3jx,s__C3jx
C3jy,s__C3jy
C3jz,s__C3jz
C3k,s__C3k
C3ka,s__C3ka
C3kb,s__C3kb
C3kc,s__C3kc
C3kd,s__C3kd
C3ke,s__C3ke
C3kf,s__C3kf
C3kg,s__C3kg
C3kh,s__C3kh
C3ki,s__C3ki
C3kk,s__C3kk
C3kl,s__C3kl
C3km,s__C3km
C3kn,s__C3kn
C3ko,s__C3ko
C3kp,s__C3kp
C3kq,s__C3kq
C3kr,s__C3kr
C3ks,s__C3ks
C3kt,s__C3kt
C3ku,s__C3ku
C3kv,s__C3kv
C3kw,s__C3kw
C3kx,s__C3kx
C3ky,s__C3ky
C3kz,s__C3kz
C3l,s__C3l
C3L,s__C3L
C3la,s__C3la
C3lb,s__C3lb
C3lc,s__C3lc
C3ld,s__C3ld
C3le,s__C3le
C3lf,s__C3lf
C3lh,s__C3lh
C3li,s__C3li
C3lj,s__C3lj
C3lk,s__C3lk
C3ll,s__C3ll
C3lm,s__C3lm
C3ln,s__C3ln
C3lo,s__C3lo
C3lp,s__C3lp
C3lr,s__C3lr
C3lt,s__C3lt
C3lv,s__C3lv
C3lx,s__C3lx
C3ly,s__C3ly
C3lz,s__C3lz
C3m,s__C3m
C3ma,s__C3ma
C3mb,s__C3mb
C3mc,s__C3mc
C3md,s__C3md
C3me,s__C3me
C3mf,s__C3mf
C3mg,s__C3mg
C3mh,s__C3mh
C3mi,s__C3mi
C3mj,s__C3mj
C3mk,s__C3mk
C3ml,s__C3ml
C3mn,s__C3mn
C3mo,s__C3mo
C3mp,s__C3mp
C3mq,s__C3mq
C3ms,s__C3ms
C3mt,s__C3mt
C3mu,s__C3mu
C3mv,s__C3mv
C3mw,s__C3mw
C3mx,s__C3mx
C3my,s__C3my
C3mz,s__C3mz
C3n,s__C3n
C3na,s__C3na
C3nc,s__C3nc
C3nd,s__C3nd
C3ne,s__C3ne
C3nf,s__C3nf
C3ng,s__C3ng
C3nh,s__C3nh
C3ni,s__C3ni
C3nj,s__C3nj
C3nk,s__C3nk
C3nl,s__C3nl
C3nm,s__C3nm
C3nn,s__C3nn
C3no,s__C3no
C3np,s__C3np
C3nq,s__C3nq
C3nr,s__C3nr
C3ns,s__C3ns
C3nt,s__C3nt
C3nu,s__C3nu
C3nv,s__C3nv
C3nw,s__C3nw
C3nx,s__C3nx
C3ny,s__C3ny
C3nz,s__C3nz
C3o,s__C3o
C3oa,s__C3oa
C3ob,s__C3ob
C3oc,s__C3oc
C3od,s__C3od
C3oe,s__C3oe
C3of,s__C3of
C3og,s__C3og
C3oh,s__C3oh
C3oi,s__C3oi
C3oj,s__C3oj
C3ok,s__C3ok
C3ol,s__C3ol
C3om,s__C3om
C3on,s__C3on
C3oo,s__C3oo
C3oq,s__C3oq
C3or,s__C3or
C3os,s__C3os
C3ov,s__C3ov
C3ow,s__C3ow
C3ox,s__C3ox
C3oz,s__C3oz
C3p,s__C3p
C3pa,s__C3pa
C3pb,s__C3pb
C3pc,s__C3pc
C3pd,s__C3pd
C3pe,s__C3pe
C3pf,s__C3pf
C3pg,s__C3pg
C3ph,s__C3ph
C3pi,s__C3pi
C3pj,s__C3pj
C3pk,s__C3pk
C3pm,s__C3pm
C3pn,s__C3pn
C3po,s__C3po
C3pp,s__C3pp
C3pq,s__C3pq
C3pr,s__C3pr
C3ps,s__C3ps
C3pt,s__C3pt
C3pu,s__C3pu
C3pv,s__C3pv
C3pw,s__C3pw
C3px,s__C3px
C3py,s__C3py
C3pz,s__C3pz
C3q,s__C3q
C3qa,s__C3qa
C3qb,s__C3qb
C3qc,s__C3qc
C3qd,s__C3qd
C3qe,s__C3qe
C3qf,s__C3qf
C3qg,s__C3qg
C3qh,s__C3qh
C3qi,s__C3qi
C3qj,s__C3qj
C3qk,s__C3qk
C3ql,s__C3ql
C3qm,s__C3qm
C3qn,s__C3qn
C3qp,s__C3qp
C3qq,s__C3qq
C3qr,s__C3qr
C3qs,s__C3qs
C3qt,s__C3qt
C3qu,s__C3qu
C3qv,s__C3qv
C3qw,s__C3qw
C3qx,s__C3qx
C3qy,s__C3qy
C3qz,s__C3qz
C3r,s__C3r
C3ra,s__C3ra
C3rb,s__C3rb
C3rc,s__C3rc
C3rd,s__C3rd
C3re,s__C3re
C3rf,s__C3rf
C3rg,s__C3rg
C3rh,s__C3rh
C3ri,s__C3ri
C3rk,s__C3rk
C3rl,s__C3rl
C3rm,s__C3rm
C3rn,s__C3rn
C3ro,s__C3ro
C3rp,s__C3rp
C3rr,s__C3rr
C3rs,s__C3rs
C3ru,s__C3ru
C3rv,s__C3rv
C3rw,s__C3rw
C3rx,s__C3rx
C3ry,s__C3ry
C3rz,s__C3rz
C3sa,s__C3sa
C3sb,s__C3sb
C3sc,s__C3sc
C3sd,s__C3sd
C3se,s__C3se
C3sf,s__C3sf
C3sg,s__C3sg
C3sh,s__C3sh
C3si,s__C3si
C3sj,s__C3sj
C3sk,s__C3sk
C3sl,s__C3sl
C3sm,s__C3sm
C3sn,s__C3sn
C3so,s__C3so
C3sp,s__C3sp
C3sq,s__C3sq
C3sr,s__C3sr
C3ss,s__C3ss
C3st,s__C3st
C3su,s__C3su
C3sv,s__C3sv
C3sw,s__C3sw
C3sx,s__C3sx
C3sy,s__C3sy
C3sz,s__C3sz
C3t,s__C3t
C3ta,s__C3ta
C3tb,s__C3tb
C3tc,s__C3tc
C3td,s__C3td
C3tf,s__C3tf
C3tg,s__C3tg
C3th,s__C3th
C3ti,s__C3ti
C3tj,s__C3tj
C3tm,s__C3tm
C3tn,s__C3tn
C3to,s__C3to
C3tp,s__C3tp
C3tq,s__C3tq
C3ts,s__C3ts
C3tt,s__C3tt
C3tu,s__C3tu
C3tv,s__C3tv
C3ty,s__C3ty
C3tz,s__C3tz
C3u,s__C3u
C3ua,s__C3ua
C3ub,s__C3ub
C3uc,s__C3uc
C3ud,s__C3ud
C3ue,s__C3ue
C3uf,s__C3uf
C3ug,s__C3ug
C3uh,s__C3uh
C3ui,s__C3ui
C3uj,s__C3uj
C3uk,s__C3uk
C3ul,s__C3ul
C3um,s__C3um
C3un,s__C3un
C3uo,s__C3uo
C3up,s__C3up
C3uq,s__C3uq
C3ur,s__C3ur
C3us,s__C3us
C3ut,s__C3ut
C3uu,s__C3uu
C3uv,s__C3uv
C3uw,s__C3uw
C3ux,s__C3ux
C3uy,s__C3uy
C3uz,s__C3uz
C3v,s__C3v
C3va,s__C3va
C3vb,s__C3vb
C3vc,s__C3vc
C3vd,s__C3vd
C3ve,s__C3ve
C3vf,s__C3vf
C3vg,s__C3vg
C3vh,s__C3vh
C3vi,s__C3vi
C3vj,s__C3vj
C3vk,s__C3vk
C3vl,s__C3vl
C3vm,s__C3vm
C3vn,s__C3vn
C3vo,s__C3vo
C3vp,s__C3vp
C3vr,s__C3vr
C3vs,s__C3vs
C3vt,s__C3vt
C3vu,s__C3vu
C3vv,s__C3vv
C3vw,s__C3vw
C3vx,s__C3vx
C3vy,s__C3vy
C3vz,s__C3vz
C3w,s__C3w
C3wa,s__C3wa
C3wb,s__C3wb
C3wc,s__C3wc
C3wd,s__C3wd
C3we,s__C3we
C3wf,s__C3wf
C3wg,s__C3wg
C3wh,s__C3wh
C3wi,s__C3wi
C3wj,s__C3wj
C3wk,s__C3wk
C3wl,s__C3wl
C3wm,s__C3wm
C3wn,s__C3wn
C3wo,s__C3wo
C3wp,s__C3wp
C3wr,s__C3wr
C3ws,s__C3ws
C3wt,s__C3wt
C3wu,s__C3wu
C3wv,s__C3wv
C3ww,s__C3ww
C3wx,s__C3wx
C3wy,s__C3wy
C3wz,s__C3wz
C3xa,s__C3xa
C3xb,s__C3xb
C3xc,s__C3xc
C3xd,s__C3xd
C3xe,s__C3xe
C3xf,s__C3xf
C3xh,s__C3xh
C3xi,s__C3xi
C3xj,s__C3xj
C3xk,s__C3xk
C3xl,s__C3xl
C3xm,s__C3xm
C3xn,s__C3xn
C3xo,s__C3xo
C3xp,s__C3xp
C3xq,s__C3xq
C3xr,s__C3xr
C3xt,s__C3xt
C3xu,s__C3xu
C3xv,s__C3xv
C3xw,s__C3xw
C3xx,s__C3xx
C3xy,s__C3xy
C3xz,s__C3xz
C3y,s__C3y
C3ya,s__C3ya
C3yb,s__C3yb
C3yc,s__C3yc
C3yd,s__C3yd
C3ye,s__C3ye
C3yf,s__C3yf
C3yg,s__C3yg
C3yh,s__C3yh
C3yi,s__C3yi
C3yj,s__C3yj
C3yk,s__C3yk
C3yl,s__C3yl
C3ym,s__C3ym
C3yn,s__C3yn
C3yo,s__C3yo
C3yp,s__C3yp
C3yq,s__C3yq
C3yr,s__C3yr
C3ys,s__C3ys
C3yu,s__C3yu
C3yv,s__C3yv
C3yw,s__C3yw
C3yx,s__C3yx
C3yy,s__C3yy
C3yz,s__C3yz
C3z,s__C3z
C3za,s__C3za
C3zc,s__C3zc
C3zd,s__C3zd
C3ze,s__C3ze
C3zf,s__C3zf
C3zg,s__C3zg
C3zh,s__C3zh
C3zi,s__C3zi
C3zj,s__C3zj
C3zk,s__C3zk
C3zl,s__C3zl
C3zm,s__C3zm
C3zn,s__C3zn
C3zo,s__C3zo
C3zp,s__C3zp
C3zq,s__C3zq
C3zr,s__C3zr
C3zs,s__C3zs
C3zt,s__C3zt
C4,s__C4
C40,s__C40
C40a,s__C40a
C40aa,s__C40aa
C40ab,s__C40ab
C40ac,s__C40ac
C40ad,s__C40ad
C40ae,s__C40ae
C40af,s__C40af
C40ag,s__C40ag
C40ai,s__C40ai
C40aj,s__C40aj
C40ak,s__C40ak
C40al,s__C40al
C40am,s__C40am
C40an,s__C40an
C40ao,s__C40ao
C40ap,s__C40ap
C40ar,s__C40ar
C40as,s__C40as
C40at,s__C40at
C40au,s__C40au
C40av,s__C40av
C40aw,s__C40aw
C40c,s__C40c
C40d,s__C40d
C40e,s__C40e
C40f,s__C40f
C40g,s__C40g
C40h,s__C40h
C40i,s__C40i
C40j,s__C40j
C40k,s__C40k
C40l,s__C40l
C40m,s__C40m
C40n,s__C40n
C40o,s__C40o
C40p,s__C40p
C40q,s__C40q
C40r,s__C40r
C40s,s__C40s
C40t,s__C40t
C40u,s__C40u
C40v,s__C40v
C40w,s__C40w
C40x,s__C40x
C40y,s__C40y
C41,s__C41
C41aa,s__C41aa
C41ab,s__C41ab
C41ac,s__C41ac
C41ad,s__C41ad
C41ae,s__C41ae
C41af,s__C41af
C41ag,s__C41ag
C41ah,s__C41ah
C41ai,s__C41ai
C41aj,s__C41aj
C41ak,s__C41ak
C41al,s__C41al
C41am,s__C41am
C41an,s__C41an
C41ao,s__C41ao
C41aq,s__C41aq
C41ar,s__C41ar
C41as,s__C41as
C41at,s__C41at
C41au,s__C41au
C41av,s__C41av
C41aw,s__C41aw
C41ay,s__C41ay
C41az,s__C41az
C41b,s__C41b
C41ba,s__C41ba
C41bb,s__C41bb
C41c,s__C41c
C41d,s__C41d
C41e,s__C41e
C41g,s__C41g
C41h,s__C41h
C41i,s__C41i
C41j,s__C41j
C41k,s__C41k
C41l,s__C41l
C41m,s__C41m
C41n,s__C41n
C41o,s__C41o
C41p,s__C41p
C41q,s__C41q
C41s,s__C41s
C41u,s__C41u
C41v,s__C41v
C41w,s__C41w
C41x,s__C41x
C41y,s__C41y
C41z,s__C41z
C42a,s__C42a
C42aa,s__C42aa
C42ab,s__C42ab
C42ac,s__C42ac
C42ad,s__C42ad
C42ae,s__C42ae
C42af,s__C42af
C42ag,s__C42ag
C42ah,s__C42ah
C42ai,s__C42ai
C42aj,s__C42aj
C42ak,s__C42ak
C42al,s__C42al
C42am,s__C42am
C42an,s__C42an
C42ao,s__C42ao
C42ap,s__C42ap
C42aq,s__C42aq
C42ar,s__C42ar
C42as,s__C42as
C42at,s__C42at
C42au,s__C42au
C42av,s__C42av
C42aw,s__C42aw
C42ax,s__C42ax
C42ay,s__C42ay
C42az,s__C42az
C42b,s__C42b
C42ba,s__C42ba
C42bb,s__C42bb
C42bd,s__C42bd
C42be,s__C42be
C42bf,s__C42bf
C42bg,s__C42bg
C42bh,s__C42bh
C42bi,s__C42bi
C42bj,s__C42bj
C42bk,s__C42bk
C42bl,s__C42bl
C42bm,s__C42bm
C42bn,s__C42bn
C42bo,s__C42bo
C42bp,s__C42bp
C42bq,s__C42bq
C42br,s__C42br
C42bs,s__C42bs
C42bt,s__C42bt
C42bu,s__C42bu
C42bv,s__C42bv
C42bw,s__C42bw
C42by,s__C42by
C42bz,s__C42bz
C42c,s__C42c
C42ca,s__C42ca
C42cb,s__C42cb
C42cc,s__C42cc
C42ce,s__C42ce
C42cf,s__C42cf
C42cg,s__C42cg
C42ch,s__C42ch
C42ci,s__C42ci
C42cj,s__C42cj
C42ck,s__C42ck
C42cl,s__C42cl
C42cm,s__C42cm
C42cn,s__C42cn
C42co,s__C42co
C42cp,s__C42cp
C42cq,s__C42cq
C42cr,s__C42cr
C42cs,s__C42cs
C42ct,s__C42ct
C42cu,s__C42cu
C42cv,s__C42cv
C42cw,s__C42cw
C42cx,s__C42cx
C42cy,s__C42cy
C42cz,s__C42cz
C42d,s__C42d
C42da,s__C42da
C42db,s__C42db
C42dc,s__C42dc
C42dd,s__C42dd
C42de,s__C42de
C42df,s__C42df
C42dg,s__C42dg
C42dh,s__C42dh
C42di,s__C42di
C42dj,s__C42dj
C42dk,s__C42dk
C42dl,s__C42dl
C42dm,s__C42dm
C42dn,s__C42dn
C42do,s__C42do
C42dp,s__C42dp
C42dq,s__C42dq
C42dr,s__C42dr
C42ds,s__C42ds
C42dt,s__C42dt
C42du,s__C42du
C42dv,s__C42dv
C42dw,s__C42dw
C42dx,s__C42dx
C42dy,s__C42dy
C42dz,s__C42dz
C42e,s__C42e
C42ea,s__C42ea
C42eb,s__C42eb
C42ec,s__C42ec
C42ed,s__C42ed
C42ee,s__C42ee
C42ef,s__C42ef
C42eg,s__C42eg
C42eh,s__C42eh
C42ei,s__C42ei
C42ej,s__C42ej
C42ek,s__C42ek
C42el,s__C42el
C42em,s__C42em
C42en,s__C42en
C42eo,s__C42eo
C42ep,s__C42ep
C42er,s__C42er
C42es,s__C42es
C42f,s__C42f
C42g,s__C42g
C42h,s__C42h
C42i,s__C42i
C42j,s__C42j
C42k,s__C42k
C42l,s__C42l
C42m,s__C42m
C42n,s__C42n
C42o,s__C42o
C42p,s__C42p
C42q,s__C42q
C42r,s__C42r
C42t,s__C42t
C42u,s__C42u
C42v,s__C42v
C42w,s__C42w
C42x,s__C42x
C42y,s__C42y
C42z,s__C42z
C43,s__C43
C44,s__C44
C44a,s__C44a
C44b,s__C44b
C44c,s__C44c
C44d,s__C44d
C44e,s__C44e
C44f,s__C44f
C44g,s__C44g
C44h,s__C44h
C44i,s__C44i
C45a,s__C45a
C45b,s__C45b
C45c,s__C45c
C45e,s__C45e
C45f/C45.3,s__C45f/C45.3
C45g,s__C45g
C45h,s__C45h
C45i,s__C45i
C45j,s__C45j
C45k,s__C45k
C45l,s__C45l
C46,s__C46
C46a,s__C46a
C46b,s__C46b
C46c,s__C46c
C46d,s__C46d
C46e,s__C46e
C46f,s__C46f
C46g,s__C46g
C46h,s__C46h
C46i,s__C46i
C46j,s__C46j
C46k,s__C46k
C46l,s__C46l
C46m,s__C46m
C47a,s__C47a
C47b,s__C47b
C47c,s__C47c
C47d,s__C47d
C48,s__C48
C4a,s__C4a
C4b,s__C4b
C4c,s__C4c
C4d,s__C4d
C4e,s__C4e
C5,s__C5
C50,s__C50
C50a,s__C50a
C50aa,s__C50aa
C50ab,s__C50ab
C50ac,s__C50ac
C50ad,s__C50ad
C50ae,s__C50ae
C50af,s__C50af
C50ag,s__C50ag
C50ah,s__C50ah
C50ai,s__C50ai
C50aj,s__C50aj
C50ak,s__C50ak
C50al,s__C50al
C50am,s__C50am
C50an,s__C50an
C50ao,s__C50ao
C50ap,s__C50ap
C50aq,s__C50aq
C50ar,s__C50ar
C50as,s__C50as
C50at,s__C50at
C50av,s__C50av
C50aw,s__C50aw
C50ax,s__C50ax
C50ay,s__C50ay
C50az,s__C50az
C50b,s__C50b
C50ba,s__C50ba
C50bb,s__C50bb
C50bc,s__C50bc
C50bd,s__C50bd
C50be,s__C50be
C50bf,s__C50bf
C50bg,s__C50bg
C50bh,s__C50bh
C50bi,s__C50bi
C50bj,s__C50bj
C50bk,s__C50bk
C50bl,s__C50bl
C50bm,s__C50bm
C50bn,s__C50bn
C50bo,s__C50bo
C50bp,s__C50bp
C50bq,s__C50bq
C50br,s__C50br
C50bs,s__C50bs
C50bt,s__C50bt
C50bu,s__C50bu
C50bv,s__C50bv
C50bw,s__C50bw
C50bx,s__C50bx
C50by,s__C50by
C50bz,s__C50bz
C50c,s__C50c
C50ca,s__C50ca
C50cb,s__C50cb
C50cc,s__C50cc
C50cd,s__C50cd
C50ce,s__C50ce
C50cf,s__C50cf
C50cg,s__C50cg
C50ch,s__C50ch
C50ci,s__C50ci
C50cj,s__C50cj
C50ck,s__C50ck
C50e,s__C50e
C50f,s__C50f
C50g,s__C50g
C50h,s__C50h
C50i,s__C50i
C50j,s__C50j
C50k,s__C50k
C50l,s__C50l
C50m,s__C50m
C50n,s__C50n
C50o,s__C50o
C50q,s__C50q
C50r,s__C50r
C50s,s__C50s
C50t,s__C50t
C50u,s__C50u
C50v,s__C50v
C50w,s__C50w
C50x,s__C50x
C50y,s__C50y
C50z,s__C50z
C51,s__C51
C52,s__C52
C53,s__C53
C54a,s__C54a
C54b,s__C54b
C54c,s__C54c
C54d,s__C54d
C54e,s__C54e
C54f,s__C54f
C54g,s__C54g
C54h,s__C54h
C54i,s__C54i
C54j,s__C54j
C54k,s__C54k
C54l,s__C54l
C54m,s__C54m
C55,s__C55
C56,s__C56
C56a,s__C56a
C57a,s__C57a
C57b,s__C57b
C57c,s__C57c
C57e,s__C57e
C57f,s__C57f
C57g,s__C57g
C57h,s__C57h
C57i,s__C57i
C57k,s__C57k
C57l,s__C57l
C57m,s__C57m
C57n,s__C57n
C57o,s__C57o
C57p,s__C57p
C57q,s__C57q
C57r,s__C57r
C57s,s__C57s
C57t,s__C57t
C57u,s__C57u
C57v,s__C57v
C57w,s__C57w
C57x,s__C57x
C57y,s__C57y
C58a,s__C58a
C59,s__C59
C59a,s__C59a
C59b,s__C59b
C59d,s__C59d
C59e,s__C59e
C59f,s__C59f
C59g,s__C59g
C59h,s__C59h
C6,s__C6
C60,s__C60
C60a,s__C60a
C60b,s__C60b
C60c,s__C60c
C60d,s__C60d
C61,s__C61
C61a,s__C61a
C62,s__C62
C62a,s__C62a
C63a,s__C63a
C64,s__C64
C64a,s__C64a
C64b,s__C64b
C64c,s__C64c
C64d,s__C64d
C64e,s__C64e
C64f,s__C64f
C64g,s__C64g
C64h,s__C64h
C64i,s__C64i
C65,s__C65
C65a,s__C65a
C65b,s__C65b
C65c,s__C65c
C65d,s__C65d
C65e,s__C65e
C65f,s__C65f
C65g,s__C65g
C65h,s__C65h
C65i,s__C65i
C65j,s__C65j
C66aa,s__C66aa
C66ab,s__C66ab
C66ac,s__C66ac
C66ad,s__C66ad
C66ae,s__C66ae
C66af,s__C66af
C66ag,s__C66ag
C66ah,s__C66ah
C66ai,s__C66ai
C66aj,s__C66aj
C66ak,s__C66ak
C66am,s__C66am
C66an,s__C66an
C66ao,s__C66ao
C66ap,s__C66ap
C66aq,s__C66aq
C66ar,s__C66ar
C66as,s__C66as
C66at,s__C66at
C66au,s__C66au
C66av,s__C66av
C66aw,s__C66aw
C66ax,s__C66ax
C66ay,s__C66ay
C66az,s__C66az
C66b,s__C66b
C66ba,s__C66ba
C66bc,s__C66bc
C66bd,s__C66bd
C66be,s__C66be
C66bf,s__C66bf
C66bg,s__C66bg
C66bh,s__C66bh
C66bk,s__C66bk
C66bl,s__C66bl
C66bm,s__C66bm
C66bn,s__C66bn
C66bo,s__C66bo
C66bp,s__C66bp
C66bq,s__C66bq
C66br,s__C66br
C66c,s__C66c
C66d,s__C66d
C66e,s__C66e
C66f,s__C66f
C66g,s__C66g
C66h,s__C66h
C66i,s__C66i
C66j,s__C66j
C66k,s__C66k
C66l,s__C66l
C66m,s__C66m
C66n,s__C66n
C66o,s__C66o
C66p,s__C66p
C66q,s__C66q
C66r,s__C66r
C66s,s__C66s
C66t,s__C66t
C66u,s__C66u
C66v,s__C66v
C66w,s__C66w
C66x,s__C66x
C66y,s__C66y
C66z,s__C66z
C67a,s__C67a
C67/C67b,s__C67/C67b
C69,s__C69
C6a,s__C6a
C6b,s__C6b
C6c,s__C6c
C6d,s__C6d
C6e,s__C6e
C6f,s__C6f
C6g,s__C6g
C70,s__C70
C71,s__C71
C71a,s__C71a
C72,s__C72
C72a,s__C72a
C72b,s__C72b
C72c,s__C72c
C72d,s__C72d
C72e,s__C72e
C72f,s__C72f
C72g,s__C72g
C72h,s__C72h
C72i,s__C72i
C72j,s__C72j
C72k,s__C72k
C72l,s__C72l
C72m,s__C72m
C72n,s__C72n
C72o,s__C72o
C72p,s__C72p
C72q,s__C72q
C72r,s__C72r
C72s,s__C72s
C72t,s__C72t
C72u,s__C72u
C72v,s__C72v
C72w,s__C72w
C72x,s__C72x
C72y,s__C72y
C73,s__C73
C73a,s__C73a
C74,s__C74
C75,s__C75
C75a,s__C75a
C75c,s__C75c
C75d,s__C75d
C75e,s__C75e
C75f,s__C75f
C75g,s__C75g
C75h,s__C75h
C75i,s__C75i
C75j,s__C75j
C75k,s__C75k
C75l,s__C75l
C75m,s__C75m
C75n,s__C75n
C75o,s__C75o
C75p,s__C75p
C75q,s__C75q
C75r,s__C75r
C75s,s__C75s
C75t,s__C75t
C75u,s__C75u
C75v,s__C75v
C75w,s__C75w
C75x,s__C75x
C76,s__C76
C77,s__C77
C78,s__C78
C78a,s__C78a
C78b,s__C78b
C78c,s__C78c
C79,s__C79
C79a,s__C79a
C79b,s__C79b
C7a,s__C7a
C7b,s__C7b
C7d,s__C7d
C7e,s__C7e
C7f,s__C7f
C7g,s__C7g
C7j,s__C7j
C7l,s__C7l
C7m,s__C7m
C7n,s__C7n
C7o,s__C7o
C7p,s__C7p
C7q,s__C7q
C7r,s__C7r
C7t,s__C7t
C7u,s__C7u
C7v,s__C7v
C7w,s__C7w
C7y,s__C7y
C7z,s__C7z
C80,s__C80
C80a,s__C80a
C81,s__C81
C82,s__C82
C83,s__C83
C83a,s__C83a
C83b,s__C83b
C84,s__C84
C84a,s__C84a
C86,s__C86
C87,s__C87
C87b,s__C87b
C89,s__C89
C89a,s__C89a
C89c,s__C89c
C89d,s__C89d
C89e,s__C89e
C89f,s__C89f
C89g,s__C89g
C8a,s__C8a
C8b,s__C8b
C8c,s__C8c
C8d,s__C8d
C8e,s__C8e
C8f,s__C8f
C8g,s__C8g
C8h,s__C8h
C8i,s__C8i
C8j,s__C8j
C8k,s__C8k
C8l,s__C8l
C8m,s__C8m
C8n,s__C8n
C8o,s__C8o
C8p,s__C8p
C8q,s__C8q
C8r,s__C8r
C8s,s__C8s
C8t,s__C8t
C9,s__C9
C91a,s__C91a
C91b,s__C91b
C91c,s__C91c
C91d,s__C91d
C91e,s__C91e
C91f,s__C91f
C91g,s__C91g
C91h,s__C91h
C91i,s__C91i
C91j,s__C91j
C91k,s__C91k
C91l,s__C91l
C91m,s__C91m
C91n,s__C91n
C91o,s__C91o
C91p,s__C91p
C91q,s__C91q
C91r,s__C91r
C91s,s__C91s
C92,s__C92
C92a,s__C92a
C92b,s__C92b
C92c,s__C92c
C92d,s__C92d
C93.1,s__C93.1
C93a,s__C93a
C93aa,s__C93aa
C93ab,s__C93ab
C93ac,s__C93ac
C93ad,s__C93ad
C93ae,s__C93ae
C93b,s__C93b
C93c,s__C93c
C93d,s__C93d
C93e,s__C93e
C93f,s__C93f
C93g,s__C93g
C93h,s__C93h
C93i,s__C93i
C93j,s__C93j
C93k,s__C93k
C93m,s__C93m
C93n,s__C93n
C93p,s__C93p
C93q,s__C93q
C93r,s__C93r
C93s,s__C93s
C93t,s__C93t
C93u,s__C93u
C93v,s__C93v
C93w,s__C93w
C93x,s__C93x
C93y,s__C93y
C93z,s__C93z
C94,s__C94
C94a,s__C94a
C96,s__C96
C9a,s__C9a
C9b,s__C9b
C9c,s__C9c
D10,s__D10
D10a,s__D10a
D10b,s__D10b
D10c,s__D10c
D10d,s__D10d
D10e,s__D10e
D10f,s__D10f
D12,s__D12
D12a,s__D12a
D13,s__D13
D13a,s__D13a
D15,s__D15
D15a,s__D15a
D17,s__D17
D17a,s__D17a
D17aa,s__D17aa
D17ab,s__D17ab
D17ac,s__D17ac
D17ad,s__D17ad
D17af,s__D17af
D17ag,s__D17ag
D17ah,s__D17ah
D17aj,s__D17aj
D17ak,s__D17ak
D17an,s__D17an
D17aq,s__D17aq
D17ar,s__D17ar
D17as,s__D17as
D17at,s__D17at
D17au,s__D17au
D17av,s__D17av
D17aw,s__D17aw
D17ax,s__D17ax
D17ay,s__D17ay
D17az,s__D17az
D17b,s__D17b
D17ba,s__D17ba
D17c,s__D17c
D17d,s__D17d
D17e,s__D17e
D17f,s__D17f
D17g,s__D17g
D17h,s__D17h
D17i,s__D17i
D17m,s__D17m
D17n,s__D17n
D17p,s__D17p
D17q,s__D17q
D17r,s__D17r
D17s,s__D17s
D17t,s__D17t
D17u,s__D17u
D17v,s__D17v
D17w,s__D17w
D17y,s__D17y
D17z,s__D17z
D1aa,s__D1aa
D1ac,s__D1ac
D1ad,s__D1ad
D1ae,s__D1ae
D1aj,s__D1aj
D1ak,s__D1ak
D1am,s__D1am
D1an,s__D1an
D1ao,s__D1ao
D1ap,s__D1ap
D1aq,s__D1aq
D1at,s__D1at
D1au,s__D1au
D1av,s__D1av
D1aw,s__D1aw
D1ax,s__D1ax
D1ay,s__D1ay
D1az,s__D1az
D1b,s__D1b
D1ba,s__D1ba
D1bb,s__D1bb
D1bc,s__D1bc
D1bd,s__D1bd
D1be,s__D1be
D1bf,s__D1bf
D1bg,s__D1bg
D1bh,s__D1bh
D1bi,s__D1bi
D1bj,s__D1bj
D1bl,s__D1bl
D1bm,s__D1bm
D1bn,s__D1bn
D1br,s__D1br
D1bs,s__D1bs
D1bt,s__D1bt
D1bu,s__D1bu
D1bw,s__D1bw
D1bx,s__D1bx
D1by,s__D1by
D1bz,s__D1bz
D1ca,s__D1ca
D1cb,s__D1cb
D1cc,s__D1cc
D1cd,s__D1cd
D1ce,s__D1ce
D1cf,s__D1cf
D1cg,s__D1cg
D1ch,s__D1ch
D1ci,s__D1ci
D1cm,s__D1cm
D1cn,s__D1cn
D1co,s__D1co
D1cp,s__D1cp
D1cq,s__D1cq
D1cs,s__D1cs
D1ct,s__D1ct
D1cu,s__D1cu
D1cx,s__D1cx
D1cy,s__D1cy
D1cz,s__D1cz
D1d,s__D1d
D1da,s__D1da
D1db,s__D1db
D1dc,s__D1dc
D1dd,s__D1dd
D1de,s__D1de
D1df,s__D1df
D1dk,s__D1dk
D1dl,s__D1dl
D1dn,s__D1dn
D1do,s__D1do
D1dp,s__D1dp
D1dq,s__D1dq
D1dr,s__D1dr
D1ds,s__D1ds
D1dt,s__D1dt
D1dv,s__D1dv
D1dw,s__D1dw
D1dy,s__D1dy
D1dz,s__D1dz
D1e,s__D1e
D1ea,s__D1ea
D1eb,s__D1eb
D1ed,s__D1ed
D1ee,s__D1ee
D1eg,s__D1eg
D1eh,s__D1eh
D1ei,s__D1ei
D1ej,s__D1ej
D1ek,s__D1ek
D1el,s__D1el
D1en,s__D1en
D1eo,s__D1eo
D1eq,s__D1eq
D1er,s__D1er
D1et,s__D1et
D1eu,s__D1eu
D1ev,s__D1ev
D1ew,s__D1ew
D1ex,s__D1ex
D1ey,s__D1ey
D1ez,s__D1ez
D1f,s__D1f
D1fb,s__D1fb
D1fc,s__D1fc
D1fe,s__D1fe
D1ff,s__D1ff
D1fg,s__D1fg
D1fh,s__D1fh
D1fi,s__D1fi
D1fj,s__D1fj
D1fl,s__D1fl
D1fm,s__D1fm
D1fn,s__D1fn
D1fo,s__D1fo
D1fp,s__D1fp
D1fr,s__D1fr
D1fx,s__D1fx
D1fz,s__D1fz
D1g,s__D1g
D1ga,s__D1ga
D1gb,s__D1gb
D1gf,s__D1gf
D1gg,s__D1gg
D1gi,s__D1gi
D1gj,s__D1gj
D1gk,s__D1gk
D1gl,s__D1gl
D1gm,s__D1gm
D1gn,s__D1gn
D1go,s__D1go
D1gq,s__D1gq
D1gu,s__D1gu
D1gv,s__D1gv
D1gw,s__D1gw
D1gx,s__D1gx
D1gy,s__D1gy
D1gz,s__D1gz
D1ha,s__D1ha
D1hb,s__D1hb
D1he,s__D1he
D1hf,s__D1hf
D1hi,s__D1hi
D1hk,s__D1hk
D1hl,s__D1hl
D1hm,s__D1hm
D1hn,s__D1hn
D1ho,s__D1ho
D1hp,s__D1hp
D1hu,s__D1hu
D1hv,s__D1hv
D1hx,s__D1hx
D1hy,s__D1hy
D1hz,s__D1hz
D1i,s__D1i
D1ib,s__D1ib
D1ic,s__D1ic
D1ie,s__D1ie
D1ig,s__D1ig
D1ih,s__D1ih
D1ii,s__D1ii
D1ij,s__D1ij
D1il,s__D1il
D1in,s__D1in
D1ip,s__D1ip
D1iq,s__D1iq
D1ir,s__D1ir
D1iu,s__D1iu
D1iv,s__D1iv
D1iw,s__D1iw
D1ix,s__D1ix
D1iy,s__D1iy
D1iz,s__D1iz
D1j,s__D1j
D1ja,s__D1ja
D1jb,s__D1jb
D1jc,s__D1jc
D1je,s__D1je
D1jf,s__D1jf
D1jg,s__D1jg
D1jh,s__D1jh
D1jj,s__D1jj
D1jl,s__D1jl
D1jm,s__D1jm
D1jo,s__D1jo
D1jp,s__D1jp
D1jq,s__D1jq
D1jr,s__D1jr
D1js,s__D1js
D1jt,s__D1jt
D1ju,s__D1ju
D1jw,s__D1jw
D1jx,s__D1jx
D1jy,s__D1jy
D1jz,s__D1jz
D1ka,s__D1ka
D1kb,s__D1kb
D1kc,s__D1kc
D1kd,s__D1kd
D1kf,s__D1kf
D1kg,s__D1kg
D1kh,s__D1kh
D1ki,s__D1ki
D1kk,s__D1kk
D1kl,s__D1kl
D1km,s__D1km
D1kp,s__D1kp
D1kq,s__D1kq
D1kr,s__D1kr
D1kt,s__D1kt
D1kv,s__D1kv
D1kx,s__D1kx
D1ky,s__D1ky
D1kz,s__D1kz
D1la,s__D1la
D1lb,s__D1lb
D1lc,s__D1lc
D1ld,s__D1ld
D1le,s__D1le
D1lf,s__D1lf
D1lg,s__D1lg
D1lh,s__D1lh
D1li,s__D1li
D1lj,s__D1lj
D1lk,s__D1lk
D1ll,s__D1ll
D1lm,s__D1lm
D1ln,s__D1ln
D1lo,s__D1lo
D1lp,s__D1lp
D1lq,s__D1lq
D1lr,s__D1lr
D1ls,s__D1ls
D1lt,s__D1lt
D1lv,s__D1lv
D1lw,s__D1lw
D1lx,s__D1lx
D1ly,s__D1ly
D1lz,s__D1lz
D1m,s__D1m
D1ma,s__D1ma
D1mb,s__D1mb
D1mc,s__D1mc
D1md,s__D1md
D1mf,s__D1mf
D1mg,s__D1mg
D1mh,s__D1mh
D1mi,s__D1mi
D1mj,s__D1mj
D1mk,s__D1mk
D1ml,s__D1ml
D1mm,s__D1mm
D1mo,s__D1mo
D1ms,s__D1ms
D1mt,s__D1mt
D1mu,s__D1mu
D1mv,s__D1mv
D1mw,s__D1mw
D1mx,s__D1mx
D1my,s__D1my
D1mz,s__D1mz
D1na,s__D1na
D1nb,s__D1nb
D1nc,s__D1nc
D1nd,s__D1nd
D1ne,s__D1ne
D1nf,s__D1nf
D1ng,s__D1ng
D1nh,s__D1nh
D1ni,s__D1ni
D1nj,s__D1nj
D1nk,s__D1nk
D1nl,s__D1nl
D1nm,s__D1nm
D1nn,s__D1nn
D1no,s__D1no
D1np,s__D1np
D1nq,s__D1nq
D1nr,s__D1nr
D1ns,s__D1ns
D1nt,s__D1nt
D1nu,s__D1nu
D1nv,s__D1nv
D1nw,s__D1nw
D1nx,s__D1nx
D1p,s__D1p
D1r,s__D1r
D1s,s__D1s
D1t,s__D1t
D1u,s__D1u
D1v,s__D1v
D1w,s__D1w
D1x,s__D1x
D1y,s__D1y
D1z,s__D1z
D2,s__D2
D2.2,s__D2.2
D2a,s__D2a
D2ab,s__D2ab
D2ac,s__D2ac
D2ad,s__D2ad
D2ae,s__D2ae
D2af,s__D2af
D2ag,s__D2ag
D2ah,s__D2ah
D2ai,s__D2ai
D2aj,s__D2aj
D2b,s__D2b
D2d,s__D2d
D2e,s__D2e
D2f,s__D2f
D2g,s__D2g
D2i,s__D2i
D2k,s__D2k
D2l,s__D2l
D2m,s__D2m
D2n,s__D2n
D2o,s__D2o
D2p,s__D2p
D2q,s__D2q
D2s,s__D2s
D2t,s__D2t
D2u,s__D2u
D2v,s__D2v
D2w,s__D2w
D2x,s__D2x
D2y,s__D2y
D2z,s__D2z
D3c,s__D3c
D3d,s__D3d
D3e,s__D3e
D3f,s__D3f
D3g,s__D3g
D3h,s__D3h
D4a,s__D4a
D4aa,s__D4aa
D4ac,s__D4ac
D4ad,s__D4ad
D4ag,s__D4ag
D4ah,s__D4ah
D4aj,s__D4aj
D4ak,s__D4ak
D4am,s__D4am
D4ao,s__D4ao
D4ap,s__D4ap
D4as,s__D4as
D4at,s__D4at
D4au,s__D4au
D4av,s__D4av
D4aw,s__D4aw
D4ax,s__D4ax
D4ay,s__D4ay
D4b,s__D4b
D4bb,s__D4bb
D4bd,s__D4bd
D4bf,s__D4bf
D4bg,s__D4bg
D4bh,s__D4bh
D4bk,s__D4bk
D4bl,s__D4bl
D4bm,s__D4bm
D4bn,s__D4bn
D4bo,s__D4bo
D4bp,s__D4bp
D4br,s__D4br
D4bs,s__D4bs
D4bt,s__D4bt
D4bu,s__D4bu
D4bw,s__D4bw
D4bx,s__D4bx
D4by,s__D4by
D4bz,s__D4bz
D4c,s__D4c
D4cb,s__D4cb
D4cc,s__D4cc
D4cd,s__D4cd
D4ce,s__D4ce
D4cf,s__D4cf
D4cg,s__D4cg
D4ch,s__D4ch
D4ci,s__D4ci
D4cj,s__D4cj
D4ck,s__D4ck
D4cl,s__D4cl
D4cm,s__D4cm
D4cn,s__D4cn
D4co,s__D4co
D4e,s__D4e
D4g,s__D4g
D4h,s__D4h
D4i,s__D4i
D4j,s__D4j
D4l,s__D4l
D4m,s__D4m
D4o,s__D4o
D4q,s__D4q
D4u,s__D4u
D4v,s__D4v
D4x,s__D4x
D4y,s__D4y
D5aa,s__D5aa
D5ab,s__D5ab
D5ac,s__D5ac
D5ad,s__D5ad
D5ae,s__D5ae
D5ag,s__D5ag
D5ah,s__D5ah
D5aj,s__D5aj
D5b,s__D5b
D5c,s__D5c
D5e,s__D5e
D5f,s__D5f
D5g,s__D5g
D5i,s__D5i
D5j,s__D5j
D5k,s__D5k
D5l,s__D5l
D5n,s__D5n
D5o,s__D5o
D5p,s__D5p
D5q,s__D5q
D5r,s__D5r
D5s,s__D5s
D5t,s__D5t
D5u,s__D5u
D5v,s__D5v
D5w,s__D5w
D5x,s__D5x
D5y,s__D5y
D5z,s__D5z
D6aa,s__D6aa
D6ab,s__D6ab
D6ac,s__D6ac
D6ad,s__D6ad
D6ae,s__D6ae
D6c,s__D6c
D6d,s__D6d
D6e,s__D6e
D6f,s__D6f
D6h,s__D6h
D6i,s__D6i
D6j,s__D6j
D6l,s__D6l
D6m,s__D6m
D6p,s__D6p
D6q,s__D6q
D6r,s__D6r
D6v,s__D6v
D6x,s__D6x
D6y,s__D6y
D7,s__D7
D7a,s__D7a
D8,s__D8
D9a,s__D9a
D9b,s__D9b
D9c,s__D9c
D9e,s__D9e
D9f,s__D9f
E1,s__E1
E1a,s__E1a
E1b,s__E1b
E1c,s__E1c
E1d,s__E1d
E1e,s__E1e
E1f,s__E1f
E1g,s__E1g
E1h,s__E1h
E1i,s__E1i
F1,s__F1
F1a,s__F1a
F1b,s__F1b
F1c,s__F1c
F1d,s__F1d
F1e,s__F1e
F2,s__F2
F2a,s__F2a
F2b,s__F2b
F2c,s__F2c
F2d,s__F2d
F2e,s__F2e
F2f,s__F2f
F2g,s__F2g
F2h,s__F2h
F2i,s__F2i
F2j,s__F2j
F3.1,s__F3.1
F3.1a,s__F3.1a
F3.2,s__F3.2
F3.2a,s__F3.2a
F3.3,s__F3.3
F3.4,s__F3.4
F3.4a,s__F3.4a
F3.4b,s__F3.4b
F3a,s__F3a
F3aa,s__F3aa
F3b,s__F3b
F3c,s__F3c
F3d,s__F3d
F3e,s__F3e
F3h,s__F3h
F3i,s__F3i
F3j,s__F3j
F3k,s__F3k
F3l,s__F3l
F3m,s__F3m
F3n,s__F3n
F3o,s__F3o
F3p,s__F3p
F3q,s__F3q
F3r,s__F3r
F3s,s__F3s
F3t,s__F3t
F3u,s__F3u
F3v,s__F3v
F3x,s__F3x
F3y,s__F3y
F3z,s__F3z
F4.1,s__F4.1
F4.1a,s__F4.1a
F4.2,s__F4.2
F4.2a,s__F4.2a
F4.2b,s__F4.2b
F4.3,s__F4.3
F4.3a,s__F4.3a
F4.3b,s__F4.3b
F4.3c,s__F4.3c
F4.4,s__F4.4
F4.4a,s__F4.4a
F4.4b,s__F4.4b
F4.5,s__F4.5
F4.6,s__F4.6
F4.7,s__F4.7
F4.8,s__F4.8
F4.8b,s__F4.8b
F4.8c,s__F4.8c
F4a,s__F4a
F4b,s__F4b
F4c,s__F4c
F4d,s__F4d
F4e,s__F4e
F4f,s__F4f
F4g,s__F4g
F4h,s__F4h
F4i,s__F4i
F4j,s__F4j
F5.1,s__F5.1
F5.1a/F5u,s__F5.1a/F5u
F5.1b,s__F5.1b
F5.1c,s__F5.1c
F5.2,s__F5.2
F5.2b,s__F5.2b
F5.2c,s__F5.2c
F5.2e,s__F5.2e
F5.2f,s__F5.2f
F5a,s__F5a
F5aa,s__F5aa
F5ab,s__F5ab
F5ac,s__F5ac
F5ad,s__F5ad
F5af,s__F5af
F5ag,s__F5ag
F5ah,s__F5ah
F5ai,s__F5ai
F5aj,s__F5aj
F5ak,s__F5ak
F5al,s__F5al
F5am,s__F5am
F5an,s__F5an
F5ao,s__F5ao
F5ap,s__F5ap
F5ar,s__F5ar
F5as,s__F5as
F5at,s__F5at
F5au,s__F5au
F5av,s__F5av
F5aw,s__F5aw
F5ax,s__F5ax
F5ay,s__F5ay
F5b,s__F5b
F5c,s__F5c
F5d,s__F5d
F5e,s__F5e
F5f,s__F5f
F5g/F5n,s__F5g/F5n
F5h,s__F5h
F5i,s__F5i
F5j,s__F5j
F5k,s__F5k
F5l,s__F5l
F5m,s__F5m
F5o,s__F5o
F5p,s__F5p
F5q,s__F5q
F5s,s__F5s
F5v,s__F5v
F5w,s__F5w
F5x,s__F5x
F5y,s__F5y
G1,s__G1
G2,s__G2
G2a,s__G2a
G3,s__G3
G3aa,s__G3aa
G3ab,s__G3ab
G3ac,s__G3ac
G3ad,s__G3ad
G3ae,s__G3ae
G3ag,s__G3ag
G3ah,s__G3ah
G3ai,s__G3ai
G3aj,s__G3aj
G3al,s__G3al
G3am,s__G3am
G3an,s__G3an
G3ao,s__G3ao
G3ap,s__G3ap
G3aq,s__G3aq
G3ar,s__G3ar
G3as,s__G3as
G3at,s__G3at
G3au,s__G3au
G3av,s__G3av
G3aw,s__G3aw
G3ax,s__G3ax
G3ay,s__G3ay
G3az,s__G3az
G3b,s__G3b
G3ba,s__G3ba
G3bc,s__G3bc
G3bd,s__G3bd
G3be,s__G3be
G3bg,s__G3bg
G3bi,s__G3bi
G3bk,s__G3bk
G3bl,s__G3bl
G3bm,s__G3bm
G3bn,s__G3bn
G3bo,s__G3bo
G3bq,s__G3bq
G3br,s__G3br
G3bs,s__G3bs
G3bt,s__G3bt
G3bu,s__G3bu
G3bv,s__G3bv
G3bw,s__G3bw
G3bx,s__G3bx
G3bz,s__G3bz
G3c,s__G3c
G3ca,s__G3ca
G3cc,s__G3cc
G3cd,s__G3cd
G3ce,s__G3ce
G3d,s__G3d
G3e,s__G3e
G3g,s__G3g
G3h,s__G3h
G3j,s__G3j
G3k,s__G3k
G3l,s__G3l
G3m,s__G3m
G3n,s__G3n
G3o,s__G3o
G3p,s__G3p
G3q,s__G3q
G3r,s__G3r
G3s,s__G3s
G3t,s__G3t
G3u,s__G3u
G3v,s__G3v
G3w,s__G3w
G3y,s__G3y
G3z,s__G3z
G4,s__G4
G4a,s__G4a
H1,s__H1
H1a,s__H1a
H2,s__H2
H2a,s__H2a
H3,s__H3
H4a,s__H4a
H5,s__H5
H5a,s__H5a
H5b,s__H5b
I1,s__I1
I2,s__I2
I2a,s__I2a
I2b,s__I2b
I2c,s__I2c
I2d,s__I2d
I2e,s__I2e
I2f,s__I2f
I2g,s__I2g
I2h,s__I2h
I2i,s__I2i
I2j,s__I2j
I2k,s__I2k
I2l,s__I2l
I2m,s__I2m
I2n,s__I2n
I3,s__I3
I4,s__I4
I4a,s__I4a
I4b,s__I4b
I4c,s__I4c
I4d,s__I4d
I4e,s__I4e
I4f,s__I4f
I4g,s__I4g
I4h,s__I4h
I4j,s__I4j
